package,palette,length,type,novelty
awtools,a_palette,8,sequential,TRUE
awtools,ppalette,8,qualitative,TRUE
awtools,bpalette,16,qualitative,TRUE
awtools,gpalette,4,sequential,TRUE
awtools,mpalette,9,qualitative,TRUE
awtools,spalette,6,qualitative,TRUE
basetheme,brutal,10,qualitative,TRUE
basetheme,clean,10,qualitative,TRUE
basetheme,dark,10,qualitative,TRUE
basetheme,deepblue,10,qualitative,TRUE
basetheme,ink,10,qualitative,TRUE
basetheme,minimal,10,qualitative,TRUE
basetheme,royal,10,qualitative,TRUE
basetheme,void,10,qualitative,TRUE
beyonce,X1,6,divergent,TRUE
beyonce,X2,6,sequential,TRUE
beyonce,X3,6,sequential,TRUE
beyonce,X4,6,qualitative,TRUE
beyonce,X5,6,qualitative,TRUE
beyonce,X6,6,divergent,TRUE
beyonce,X7,6,sequential,TRUE
beyonce,X8,6,sequential,TRUE
beyonce,X9,6,qualitative,TRUE
beyonce,X10,6,divergent,TRUE
beyonce,X11,6,qualitative,TRUE
beyonce,X12,6,qualitative,TRUE
beyonce,X13,6,qualitative,TRUE
beyonce,X14,6,qualitative,TRUE
beyonce,X15,6,qualitative,TRUE
beyonce,X16,6,sequential,TRUE
beyonce,X17,6,qualitative,TRUE
beyonce,X18,6,qualitative,TRUE
beyonce,X19,6,qualitative,TRUE
beyonce,X20,6,qualitative,TRUE
beyonce,X21,6,qualitative,TRUE
beyonce,X22,6,qualitative,TRUE
beyonce,X23,6,sequential,TRUE
beyonce,X24,4,sequential,TRUE
beyonce,X25,6,qualitative,TRUE
beyonce,X26,6,sequential,TRUE
beyonce,X27,6,qualitative,TRUE
beyonce,X28,6,sequential,TRUE
beyonce,X29,6,qualitative,TRUE
beyonce,X30,6,qualitative,TRUE
beyonce,X31,6,qualitative,TRUE
beyonce,X32,6,qualitative,TRUE
beyonce,X33,6,qualitative,TRUE
beyonce,X34,6,divergent,TRUE
beyonce,X35,6,qualitative,TRUE
beyonce,X36,6,qualitative,TRUE
beyonce,X37,6,qualitative,TRUE
beyonce,X38,6,qualitative,TRUE
beyonce,X39,6,divergent,TRUE
beyonce,X40,8,qualitative,TRUE
beyonce,X41,5,sequential,TRUE
beyonce,X42,6,qualitative,TRUE
beyonce,X43,6,qualitative,TRUE
beyonce,X44,6,qualitative,TRUE
beyonce,X45,6,qualitative,TRUE
beyonce,X46,6,divergent,TRUE
beyonce,X47,6,divergent,TRUE
beyonce,X48,6,qualitative,TRUE
beyonce,X49,6,qualitative,TRUE
beyonce,X50,6,sequential,TRUE
beyonce,X51,6,divergent,TRUE
beyonce,X52,6,sequential,TRUE
beyonce,X53,6,qualitative,TRUE
beyonce,X54,6,sequential,TRUE
beyonce,X55,7,sequential,TRUE
beyonce,X56,6,qualitative,TRUE
beyonce,X57,9,qualitative,TRUE
beyonce,X58,6,sequential,TRUE
beyonce,X59,9,sequential,TRUE
beyonce,X60,9,qualitative,TRUE
beyonce,X61,15,qualitative,TRUE
beyonce,X62,23,qualitative,TRUE
beyonce,X63,11,qualitative,TRUE
beyonce,X64,11,qualitative,TRUE
beyonce,X65,13,qualitative,TRUE
beyonce,X66,11,qualitative,TRUE
beyonce,X67,11,qualitative,TRUE
beyonce,X68,11,qualitative,TRUE
beyonce,X69,11,qualitative,TRUE
beyonce,X70,11,qualitative,TRUE
beyonce,X71,17,qualitative,TRUE
beyonce,X72,12,qualitative,TRUE
beyonce,X73,14,qualitative,TRUE
beyonce,X74,11,qualitative,TRUE
beyonce,X75,11,qualitative,TRUE
beyonce,X76,20,qualitative,TRUE
beyonce,X77,11,qualitative,TRUE
beyonce,X78,4,qualitative,TRUE
beyonce,X79,11,qualitative,TRUE
beyonce,X80,11,qualitative,TRUE
beyonce,X81,10,qualitative,TRUE
beyonce,X82,11,qualitative,TRUE
beyonce,X83,11,qualitative,TRUE
beyonce,X84,11,qualitative,TRUE
beyonce,X85,11,sequential,TRUE
beyonce,X86,11,sequential,TRUE
beyonce,X87,14,sequential,TRUE
beyonce,X88,12,qualitative,TRUE
beyonce,X89,11,qualitative,TRUE
beyonce,X90,11,qualitative,TRUE
beyonce,X91,6,qualitative,TRUE
beyonce,X92,8,qualitative,TRUE
beyonce,X93,31,qualitative,TRUE
beyonce,X94,14,qualitative,TRUE
beyonce,X95,20,qualitative,TRUE
beyonce,X96,20,qualitative,TRUE
beyonce,X97,19,qualitative,TRUE
beyonce,X98,16,qualitative,TRUE
beyonce,X99,19,qualitative,TRUE
beyonce,X100,14,qualitative,TRUE
beyonce,X101,6,qualitative,TRUE
beyonce,X102,6,qualitative,TRUE
beyonce,X103,5,sequential,TRUE
beyonce,X104,5,qualitative,TRUE
beyonce,X105,6,qualitative,TRUE
beyonce,X106,5,qualitative,TRUE
beyonce,X107,5,qualitative,TRUE
beyonce,X108,7,qualitative,TRUE
beyonce,X109,6,qualitative,TRUE
beyonce,X110,16,qualitative,TRUE
beyonce,X111,15,qualitative,TRUE
beyonce,X112,17,qualitative,TRUE
beyonce,X113,14,qualitative,TRUE
beyonce,X114,18,qualitative,TRUE
beyonce,X115,5,sequential,TRUE
beyonce,X116,21,qualitative,TRUE
beyonce,X117,16,qualitative,TRUE
beyonce,X118,10,qualitative,TRUE
beyonce,X119,7,qualitative,TRUE
beyonce,X120,10,qualitative,TRUE
beyonce,X121,6,qualitative,TRUE
beyonce,X122,6,qualitative,TRUE
beyonce,X123,6,qualitative,TRUE
beyonce,X124,6,divergent,TRUE
beyonce,X125,7,qualitative,TRUE
beyonce,X126,6,qualitative,TRUE
beyonce,X127,6,qualitative,TRUE
beyonce,X128,6,qualitative,TRUE
beyonce,X129,6,qualitative,TRUE
beyonce,X130,5,qualitative,TRUE
ButterflyColors,hamadryas_feronia_2,5,qualitative,TRUE
ButterflyColors,philaethria_dido,5,qualitative,TRUE
ButterflyColors,anteos_menippe,5,qualitative,TRUE
ButterflyColors,fountainea_ryphea,5,qualitative,TRUE
ButterflyColors,lycorea_hallia,5,qualitative,TRUE
ButterflyColors,morpho_helenor,5,qualitative,TRUE
ButterflyColors,archaeoprepona_demophon_thalpius,5,qualitative,TRUE
ButterflyColors,brassolis_sophorae,5,qualitative,TRUE
ButterflyColors,historis_acheronta,5,qualitative,TRUE
ButterflyColors,stalachtis_phlegia_susanna,5,qualitative,TRUE
ButterflyColors,battus_polydamas,5,qualitative,TRUE
ButterflyColors,anteos_clorinde,5,qualitative,TRUE
ButterflyColors,chorinea_licursis,5,qualitative,TRUE
ButterflyColors,danaus_eresimus,5,qualitative,TRUE
ButterflyColors,smyrna_blomfidiana,5,qualitative,TRUE
ButterflyColors,astraptes_fulgerator,5,qualitative,TRUE
ButterflyColors,hamadryas_feronia,5,qualitative,TRUE
ButterflyColors,pseudolycaena_marsyas,5,qualitative,TRUE
ButterflyColors,catagramma_pygas,5,qualitative,TRUE
ButterflyColors,heliconius_sara_apseudes,5,qualitative,TRUE
ButterflyColors,synargis_calyce,5,qualitative,TRUE
ButterflyColors,hamadryas_feronia,5,qualitative,TRUE
ButterflyColors,heliconius_erato_phyllis,5,qualitative,TRUE
ButterflyColors,hylephila_phyleus,5,qualitative,TRUE
ButterflyColors,danaus_erippus,5,qualitative,TRUE
ButterflyColors,danaus_gilippus,5,qualitative,TRUE
ButterflyColors,junonia_evarete,5,qualitative,TRUE
ButterflyColors,hemiargus_hanno,5,qualitative,TRUE
ButterflyColors,dynamine_postverta,5,qualitative,TRUE
ButterflyColors,parides_zacynthus_polymetus,5,qualitative,TRUE
ButterflyColors,marpesia_petreus,5,qualitative,TRUE
calecopal,sierra1,6,qualitative,TRUE
calecopal,sierra2,6,qualitative,TRUE
calecopal,chaparral1,6,qualitative,TRUE
calecopal,chaparral2,6,qualitative,TRUE
calecopal,chaparral3,5,sequential,TRUE
calecopal,conifer,5,qualitative,TRUE
calecopal,desert,5,sequential,TRUE
calecopal,wetland,5,qualitative,TRUE
calecopal,oak,5,qualitative,TRUE
calecopal,kelp1,6,qualitative,TRUE
calecopal,kelp2,5,qualitative,TRUE
calecopal,coastaldune1,5,qualitative,TRUE
calecopal,coastaldune2,5,qualitative,TRUE
calecopal,superbloom1,5,qualitative,TRUE
calecopal,superbloom2,5,qualitative,TRUE
calecopal,superbloom3,6,qualitative,TRUE
calecopal,sbchannel,5,sequential,TRUE
calecopal,lake,5,qualitative,TRUE
calecopal,fire,5,qualitative,TRUE
calecopal,agriculture,5,qualitative,TRUE
calecopal,bigsur,6,qualitative,TRUE
calecopal,figmtn,9,qualitative,TRUE
calecopal,caqu,5,qualitative,TRUE
calecopal,eschscholzia,5,sequential,TRUE
calecopal,arbutus,5,qualitative,TRUE
calecopal,calochortus,5,qualitative,TRUE
calecopal,grassdry,5,qualitative,TRUE
calecopal,grasswet,6,qualitative,TRUE
calecopal,sage,5,qualitative,TRUE
calecopal,tidepool,6,qualitative,TRUE
calecopal,seagrass,6,qualitative,TRUE
calecopal,bigsur2,6,qualitative,TRUE
calecopal,bixby,5,qualitative,TRUE
calecopal,redwood1,5,qualitative,TRUE
calecopal,redwood2,5,qualitative,TRUE
calecopal,halfdome,5,qualitative,TRUE
calecopal,creek,6,qualitative,TRUE
calecopal,vermillion,5,qualitative,TRUE
calecopal,canary,5,qualitative,TRUE
calecopal,casj,5,qualitative,TRUE
calecopal,lupinus,5,divergent,TRUE
calecopal,dudleya,5,qualitative,TRUE
calecopal,gayophytum,5,qualitative,TRUE
calecopal,collinsia,5,qualitative,TRUE
calecopal,buow,5,qualitative,TRUE
colorBlindness,paletteMartin,15,qualitative,FALSE
colorBlindness,Blue2DarkOrange12Steps,12,divergent,FALSE
colorBlindness,Blue2DarkOrange18Steps,18,divergent,FALSE
colorBlindness,Blue2DarkRed12Steps,12,divergent,FALSE
colorBlindness,Blue2DarkRed18Steps,18,divergent,FALSE
colorBlindness,Blue2Gray8Steps,8,divergent,FALSE
colorBlindness,Blue2Green14Steps,14,divergent,FALSE
colorBlindness,Blue2Orange10Steps,10,divergent,FALSE
colorBlindness,Blue2Orange12Steps,12,divergent,FALSE
colorBlindness,Blue2Orange8Steps,8,divergent,FALSE
colorBlindness,Blue2OrangeRed14Steps,14,divergent,FALSE
colorBlindness,Brown2Blue10Steps,10,divergent,FALSE
colorBlindness,Brown2Blue12Steps,12,divergent,FALSE
colorBlindness,Green2Magenta16Steps,16,divergent,FALSE
colorBlindness,LightBlue2DarkBlue10Steps,10,sequential,FALSE
colorBlindness,LightBlue2DarkBlue7Steps,7,sequential,FALSE
colorBlindness,ModifiedSpectralScheme11Steps,11,divergent,FALSE
colorBlindness,PairedColor12Steps,12,qualitative,FALSE
colorBlindness,SteppedSequential5Steps,25,qualitative,FALSE
colorblindr,OkabeIto,8,qualitative,FALSE
colorblindr,OkabeIto_black,8,qualitative,FALSE
colRoz,grandis,6,qualitative,TRUE
colRoz,flavolineata,6,qualitative,TRUE
colRoz,whitei,6,qualitative,TRUE
colRoz,picta,6,qualitative,TRUE
colRoz,virgo,6,qualitative,TRUE
colRoz,ngadju,6,qualitative,TRUE
colRoz,c_decresii,6,qualitative,TRUE
colRoz,c_kingii,5,qualitative,TRUE
colRoz,e_leuraensis,5,qualitative,TRUE
colRoz,i_lesueurii,5,qualitative,TRUE
colRoz,l_boydii,5,qualitative,TRUE
colRoz,m_horridus,5,qualitative,TRUE
colRoz,m_horridus2,5,qualitative,TRUE
colRoz,t_nigrolutea,6,qualitative,TRUE
colRoz,v_acanthurus,5,sequential,TRUE
colRoz,v_pilbarensis,5,qualitative,TRUE
colRoz,n_levis,6,qualitative,TRUE
colRoz,s_spinigerus,6,qualitative,TRUE
colRoz,e_kingii,6,qualitative,TRUE
colRoz,uluru,7,qualitative,TRUE
colRoz,shark_bay,6,qualitative,TRUE
colRoz,sky,6,sequential,TRUE
colRoz,desert_sunset,6,qualitative,TRUE
colRoz,desert_dusk,6,qualitative,TRUE
colRoz,desert_flood,6,qualitative,TRUE
colRoz,salt_lake,6,qualitative,TRUE
colRoz,daintree,5,qualitative,TRUE
colRoz,spinifex,6,qualitative,TRUE
colRoz,nq_stream,5,qualitative,TRUE
colRoz,kimberley,5,qualitative,TRUE
colRoz,capricorn,6,qualitative,TRUE
colRoz,p_cincta,6,qualitative,TRUE
colRoz,c_azureus,6,qualitative,TRUE
colRoz,m_cyaneus,5,qualitative,TRUE
colRoz,d_novae,6,qualitative,TRUE
colRoz,a_ramsayi,6,qualitative,TRUE
colRoz,n_violacea,6,divergent,TRUE
colRoz,xantho,6,qualitative,TRUE
colRoz,r_aculeatus,6,qualitative,TRUE
colRoz,p_mitchelli,5,qualitative,TRUE
colRoz,k_tristis,7,qualitative,TRUE
colRoz,m_oscellata,6,qualitative,TRUE
colRoz,a_conica,6,qualitative,TRUE
colRoz,v_viatica,5,qualitative,TRUE
colRoz,c_brevi,7,qualitative,TRUE
colRoz,a_westwoodi,6,qualitative,TRUE
colRoz,a_plagiata,6,sequential,TRUE
colRoz,physalia,6,qualitative,TRUE
colRoz,c_australasiae,6,qualitative,TRUE
colRoz,k_scurra,6,qualitative,TRUE
colRoz,l_vestiens,6,qualitative,TRUE
colRoz,t_australis,6,qualitative,TRUE
colRoz,p_breviceps,6,qualitative,TRUE
colRoz,thylacine,5,qualitative,TRUE
dichromat,BrowntoBlue_10,10,divergent,FALSE
dichromat,BrowntoBlue_12,12,divergent,FALSE
dichromat,BluetoDarkOrange_12,12,divergent,FALSE
dichromat,BluetoDarkOrange_18,18,divergent,FALSE
dichromat,DarkRedtoBlue_12,12,divergent,FALSE
dichromat,DarkRedtoBlue_18,18,divergent,FALSE
dichromat,BluetoGreen_14,14,divergent,FALSE
dichromat,BluetoGray_8,8,divergent,FALSE
dichromat,BluetoOrangeRed_14,14,divergent,FALSE
dichromat,BluetoOrange_10,10,divergent,FALSE
dichromat,BluetoOrange_12,12,divergent,FALSE
dichromat,BluetoOrange_8,8,divergent,FALSE
dichromat,LightBluetoDarkBlue_10,10,sequential,FALSE
dichromat,LightBluetoDarkBlue_7,7,sequential,FALSE
dichromat,Categorical_12,12,qualitative,FALSE
dichromat,GreentoMagenta_16,16,divergent,FALSE
dichromat,SteppedSequential_5,25,qualitative,FALSE
dutchmasters,milkmaid,13,qualitative,TRUE
dutchmasters,pearl_earring,11,qualitative,TRUE
dutchmasters,view_of_Delft,12,qualitative,TRUE
dutchmasters,little_street,11,qualitative,TRUE
dutchmasters,anatomy,7,qualitative,TRUE
dutchmasters,staalmeesters,7,qualitative,TRUE
DresdenColor,stormfront,6,qualitative,TRUE
DresdenColor,foolmoon,6,qualitative,TRUE
DresdenColor,graveperil,6,qualitative,TRUE
DresdenColor,summerknight,6,qualitative,TRUE
DresdenColor,deathmasks,6,qualitative,TRUE
DresdenColor,bloodrites,6,qualitative,TRUE
DresdenColor,deadbeat,6,qualitative,TRUE
DresdenColor,provenguilty,6,qualitative,TRUE
DresdenColor,whitenight,6,qualitative,TRUE
DresdenColor,smallfavor,6,qualitative,TRUE
DresdenColor,turncoat,6,qualitative,TRUE
DresdenColor,changes,6,qualitative,TRUE
DresdenColor,ghoststory,6,qualitative,TRUE
DresdenColor,colddays,6,qualitative,TRUE
DresdenColor,skingame,6,qualitative,TRUE
DresdenColor,sidejobs,6,qualitative,TRUE
DresdenColor,briefcases,6,qualitative,TRUE
DresdenColor,paired,12,qualitative,TRUE
feathers,spotted_pardalote,6,qualitative,TRUE
feathers,plains_wanderer,7,qualitative,TRUE
feathers,bee_eater,7,qualitative,TRUE
feathers,rose_crowned_fruit_dove,8,qualitative,TRUE
feathers,eastern_rosella,7,qualitative,TRUE
feathers,oriole,10,qualitative,TRUE
feathers,princess_parrot,8,qualitative,TRUE
feathers,superb_fairy_wren,5,qualitative,TRUE
feathers,cassowary,8,qualitative,TRUE
feathers,yellow_robin,7,qualitative,TRUE
feathers,blue_winged_kookaburra,11,qualitative,TRUE
feathers,galah,6,qualitative,TRUE
fishualize,Acanthisthius_brasilianus,5,qualitative,TRUE
fishualize,Acanthostracion_polygonius,5,sequential,TRUE
fishualize,Acanthostracion_polygonius_y,5,qualitative,TRUE
fishualize,Acanthurus_chirurgus,5,qualitative,TRUE
fishualize,Acanthurus_coeruleus,5,qualitative,TRUE
fishualize,Acanthurus_leucosternon,5,qualitative,TRUE
fishualize,Acanthurus_olivaceus,5,qualitative,TRUE
fishualize,Acanthurus_sohal,5,qualitative,TRUE
fishualize,Acanthurus_triostegus,5,sequential,TRUE
fishualize,Alosa_fallax,5,qualitative,TRUE
fishualize,Aluterus_scriptus,5,sequential,TRUE
fishualize,Anchoviella_lepidentostole,5,qualitative,TRUE
fishualize,Anisotremus_virginicus,5,qualitative,TRUE
fishualize,Antennarius_commerson,5,qualitative,TRUE
fishualize,Antennarius_multiocellatus,5,sequential,TRUE
fishualize,Atherinella_brasiliensis,5,qualitative,TRUE
fishualize,Aulostomus_chinensis,5,qualitative,TRUE
fishualize,Balistapus_undulatus,5,qualitative,TRUE
fishualize,Balistes_vetula,5,qualitative,TRUE
fishualize,Balistoides_conspicillum,5,qualitative,TRUE
fishualize,Barbus_barbus,5,qualitative,TRUE
fishualize,Bodianus_pulchellus,5,qualitative,TRUE
fishualize,Bodianus_rufus,5,qualitative,TRUE
fishualize,Bryaninops_natans,5,qualitative,TRUE
fishualize,Callanthias_australis,5,qualitative,TRUE
fishualize,Cantherhines_macrocerus,5,qualitative,TRUE
fishualize,Centropyge_loricula,5,qualitative,TRUE
fishualize,Cephalopholis_argus,5,qualitative,TRUE
fishualize,Cephalopholis_fulva,5,qualitative,TRUE
fishualize,Cetengraulis_edentulus,5,qualitative,TRUE
fishualize,Chaetodon_ephippium,5,qualitative,TRUE
fishualize,Chaetodon_larvatus,5,qualitative,TRUE
fishualize,Chaetodon_pelewensis,5,qualitative,TRUE
fishualize,Chaetodon_sedentarius,5,qualitative,TRUE
fishualize,Chaetodontoplus_conspicillatus,5,qualitative,TRUE
fishualize,Chlorurus_microrhinos,5,qualitative,TRUE
fishualize,Chlorurus_spilurus,5,qualitative,TRUE
fishualize,Chormis_multilineata,5,qualitative,TRUE
fishualize,Chromis_vanderbilti,5,qualitative,TRUE
fishualize,Cirrhilabrus_solorensis,5,qualitative,TRUE
fishualize,Cirrhilabrus_tonozukai,5,qualitative,TRUE
fishualize,Clepticus_brasiliensis,5,qualitative,TRUE
fishualize,Clepticus_parrae,5,qualitative,TRUE
fishualize,Coris_gaimard,5,qualitative,TRUE
fishualize,Coryphaena_hippurus,5,qualitative,TRUE
fishualize,Ctenochaetus_strigosus,5,qualitative,TRUE
fishualize,Dermatolepis_inermis,5,qualitative,TRUE
fishualize,Elacatinus_figaro,5,qualitative,TRUE
fishualize,Elagatis_bipinnulata,5,qualitative,TRUE
fishualize,Epibulus_insidiator,5,qualitative,TRUE
fishualize,Epinephelus_fasciatus,5,qualitative,TRUE
fishualize,Epinephelus_lanceolatus,5,qualitative,TRUE
fishualize,Epinephelus_marginatus,5,qualitative,TRUE
fishualize,Epinephelus_striatus,5,sequential,TRUE
fishualize,Esox_lucius,5,sequential,TRUE
fishualize,Etheostoma_barrenense,5,qualitative,TRUE
fishualize,Etheostoma_spectabile,5,qualitative,TRUE
fishualize,Exallias_brevis,5,qualitative,TRUE
fishualize,Forcipiger_longirostris,5,qualitative,TRUE
fishualize,Gadus_morhua,5,qualitative,TRUE
fishualize,Ginglymostoma_cirratum,5,qualitative,TRUE
fishualize,Gomphosus_varius,5,qualitative,TRUE
fishualize,Gramma_brasiliensis,5,qualitative,TRUE
fishualize,Gramma_loreto,5,qualitative,TRUE
fishualize,Gymnothorax_funebris,5,qualitative,TRUE
fishualize,Haemulon_squamipinna,5,qualitative,TRUE
fishualize,Halichoeres_bivittatus,5,qualitative,TRUE
fishualize,Halichoeres_brasiliensis,5,sequential,TRUE
fishualize,Halichoeres_dimidiatus,5,qualitative,TRUE
fishualize,Halichoeres_garnoti,5,qualitative,TRUE
fishualize,Halichoeres_radiatus,5,qualitative,TRUE
fishualize,Hamulon_plumieri,5,qualitative,TRUE
fishualize,Harengula_jaguana,5,qualitative,TRUE
fishualize,Hemitaurichthys_polylepis,5,qualitative,TRUE
fishualize,Heretopriacanthus_cruentatus,5,qualitative,TRUE
fishualize,Hexagrammos_lagocephalus,5,qualitative,TRUE
fishualize,Hippocampus_reidi,5,qualitative,TRUE
fishualize,Histiophryne_psychedelica,5,qualitative,TRUE
fishualize,Holacanthus_ciliaris,5,qualitative,TRUE
fishualize,Holocentrus_adscensionis,5,qualitative,TRUE
fishualize,Hypleurochilus_fissicornis,5,qualitative,TRUE
fishualize,Hypoplectrus_puella,5,qualitative,TRUE
fishualize,Hypsoblennius_invemar,5,qualitative,TRUE
fishualize,Hypsypops_rubicundus,5,qualitative,TRUE
fishualize,Koumansetta_rainfordi,5,qualitative,TRUE
fishualize,Labrisomus_cricota,5,qualitative,TRUE
fishualize,Labrisomus_nuchipinnis,5,qualitative,TRUE
fishualize,Lampris_guttatus,5,qualitative,TRUE
fishualize,Lepomis_megalotis,5,qualitative,TRUE
fishualize,Lile_piquitinga,5,qualitative,TRUE
fishualize,Lutjanus_jocu,5,qualitative,TRUE
fishualize,Lutjanus_sebae,5,qualitative,TRUE
fishualize,Lycengraulis_grossidens,5,qualitative,TRUE
fishualize,Melichthys_vidua,5,qualitative,TRUE
fishualize,Micropterus_punctulatus,5,qualitative,TRUE
fishualize,Minilabrus_striatus,5,qualitative,TRUE
fishualize,Mugil_liza,5,qualitative,TRUE
fishualize,Mycteroperca_bonaci,5,qualitative,TRUE
fishualize,Myrichthys_ocellatus,5,qualitative,TRUE
fishualize,Naso_lituratus,5,qualitative,TRUE
fishualize,Nemateleotris_magnifica,5,qualitative,TRUE
fishualize,Neogobius_melanostomus,5,qualitative,TRUE
fishualize,Odonus_niger,5,qualitative,TRUE
fishualize,Oncorhynchus_gorbuscha,5,qualitative,TRUE
fishualize,Oncorhynchus_keta,5,qualitative,TRUE
fishualize,Oncorhynchus_kisutch,5,qualitative,TRUE
fishualize,Oncorhynchus_mykiss,5,qualitative,TRUE
fishualize,Oncorhynchus_nerka,5,qualitative,TRUE
fishualize,Oncorhynchus_tshawytscha,5,qualitative,TRUE
fishualize,Opisthonema_oglinum,5,qualitative,TRUE
fishualize,Ostorhinchus_angustatus,5,qualitative,TRUE
fishualize,Ostracion_cubicus,5,sequential,TRUE
fishualize,Ostracion_whitleyi,5,sequential,TRUE
fishualize,Oxymonacanthus_longirostris,5,qualitative,TRUE
fishualize,Parablennius_marmoreus,5,qualitative,TRUE
fishualize,Parablennius_pilicornis,5,qualitative,TRUE
fishualize,Paracanthurus_hepatus,5,qualitative,TRUE
fishualize,Paralabrax_clathratus,5,sequential,TRUE
fishualize,Paranthias_furcifer,5,qualitative,TRUE
fishualize,Pareiorhaphis_garbei,5,qualitative,TRUE
fishualize,Parupeneus_insularis,5,qualitative,TRUE
fishualize,Petromyzon_marinus,5,sequential,TRUE
fishualize,Phractocephalus_hemioliopterus,5,qualitative,TRUE
fishualize,Pleuronectes_platessa,5,qualitative,TRUE
fishualize,Pomacanthus_imperator,5,qualitative,TRUE
fishualize,Pomacanthus_paru,5,qualitative,TRUE
fishualize,Pomacanthus_xanthometopon,5,qualitative,TRUE
fishualize,Prionace_glauca,5,qualitative,TRUE
fishualize,Prognathodes_brasiliensis,5,qualitative,TRUE
fishualize,Prognathodes_guyanensis,5,qualitative,TRUE
fishualize,Pronotogrammus_martinicensis,5,qualitative,TRUE
fishualize,Pseudocheilinus_tetrataenia,5,qualitative,TRUE
fishualize,Pseudochromis_aldabraensis,5,qualitative,TRUE
fishualize,Pseudupeneus_maculatus,5,qualitative,TRUE
fishualize,Pterois_volitans,5,qualitative,TRUE
fishualize,Rhinecanthus_aculeatus,5,qualitative,TRUE
fishualize,Rhinecanthus_assasi,5,qualitative,TRUE
fishualize,Salmo_salar,5,qualitative,TRUE
fishualize,Salmo_trutta,5,qualitative,TRUE
fishualize,Salvelinus_fontinalis,5,qualitative,TRUE
fishualize,Sander_lucioperca,5,qualitative,TRUE
fishualize,Sardinella_brasiliensis,5,qualitative,TRUE
fishualize,Sargocentron_bullisi,5,qualitative,TRUE
fishualize,Scarus_ghobban,5,qualitative,TRUE
fishualize,Scarus_globiceps,5,qualitative,TRUE
fishualize,Scarus_hoefleri,5,qualitative,TRUE
fishualize,Scarus_quoyi,5,qualitative,TRUE
fishualize,Scarus_tricolor,5,qualitative,TRUE
fishualize,Scarus_zelindae,5,qualitative,TRUE
fishualize,Semicossyphus_pulcher,5,sequential,TRUE
fishualize,Serranus_baldwini,5,qualitative,TRUE
fishualize,Serranus_scriba,5,qualitative,TRUE
fishualize,Sparisoma_frondosum_m,5,qualitative,TRUE
fishualize,Sparisoma_tuyupiranga_f,5,qualitative,TRUE
fishualize,Sparisoma_tuyupiranga_m,5,qualitative,TRUE
fishualize,Sparisoma_viride,5,qualitative,TRUE
fishualize,Stegastes_nigricans,5,qualitative,TRUE
fishualize,Stegastes_partitus,5,qualitative,TRUE
fishualize,Stegastes_variabilis,5,qualitative,TRUE
fishualize,Stethojulis_bandanensis,5,qualitative,TRUE
fishualize,Synchiropus_splendidus,5,qualitative,TRUE
fishualize,Taeniura_lymma,5,qualitative,TRUE
fishualize,Thalassoma_bifasciatum,5,qualitative,TRUE
fishualize,Thalassoma_hardwicke,5,qualitative,TRUE
fishualize,Thalassoma_noronhanum,5,qualitative,TRUE
fishualize,Thalassoma_pavo,5,qualitative,TRUE
fishualize,Thunnus_obesus,5,qualitative,TRUE
fishualize,Trimma_lantana,5,qualitative,TRUE
fishualize,Valenciennea_strigata,5,qualitative,TRUE
fishualize,Variola_louti,5,qualitative,TRUE
fishualize,Xyrichthys_novacula,5,qualitative,TRUE
fishualize,Zanclus_cornutus,5,qualitative,TRUE
fishualize,Zapteryx_brevirostris,5,qualitative,TRUE
fishualize,Zebrasoma_velifer,5,qualitative,TRUE
fishualize,Zebrasoma_xanthurum,5,qualitative,TRUE
futurevisions,venus,5,qualitative,TRUE
futurevisions,earth,7,qualitative,TRUE
futurevisions,mars,6,qualitative,TRUE
futurevisions,jupiter,6,qualitative,TRUE
futurevisions,ceres,4,sequential,TRUE
futurevisions,enceladus,5,qualitative,TRUE
futurevisions,europa,5,sequential,TRUE
futurevisions,titan,6,sequential,TRUE
futurevisions,cancri,6,sequential,TRUE
futurevisions,hd,6,qualitative,TRUE
futurevisions,kepler186,9,divergent,TRUE
futurevisions,kepler16b,7,qualitative,TRUE
futurevisions,pegasi,8,qualitative,TRUE
futurevisions,pso,5,sequential,TRUE
futurevisions,trappest,8,qualitative,TRUE
futurevisions,grand_tour,7,qualitative,TRUE
futurevisions,atomic_clock,5,qualitative,TRUE
futurevisions,atomic_red,3,qualitative,TRUE
futurevisions,atomic_blue,3,qualitative,TRUE
futurevisions,atomic_orange,3,qualitative,TRUE
ggsci,nrc_npg,10,qualitative,TRUE
ggsci,default_aaas,10,qualitative,TRUE
ggsci,default_nejm,8,qualitative,TRUE
ggsci,lanonc_lancet,9,qualitative,TRUE
ggsci,default_jama,7,qualitative,TRUE
ggsci,default_jco,10,qualitative,TRUE
ggsci,default_frontiers,10,qualitative,TRUE
ggsci,default_flatui,10,qualitative,TRUE
ggsci,flattastic_flatui,12,qualitative,TRUE
ggsci,aussie_flatui,10,qualitative,TRUE
ggsci,default_ucscgb,26,qualitative,FALSE
ggsci,category10_d3,10,qualitative,FALSE
ggsci,category20_d3,20,qualitative,FALSE
ggsci,category20b_d3,20,qualitative,FALSE
ggsci,category20c_d3,20,qualitative,FALSE
ggsci,default_igv,51,qualitative,FALSE
ggsci,alternating_igv,2,qualitative,FALSE
ggsci,default_locuszoom,7,qualitative,TRUE
ggsci,default_uchicago,9,qualitative,TRUE
ggsci,light_uchicago,9,qualitative,TRUE
ggsci,dark_uchicago,9,qualitative,TRUE
ggsci,hallmarks_dark_cosmic,10,qualitative,TRUE
ggsci,hallmarks_light_cosmic,10,qualitative,TRUE
ggsci,signature_substitutions_cosmic,6,qualitative,TRUE
ggsci,springfield_simpsons,16,qualitative,TRUE
ggsci,planetexpress_futurama,12,qualitative,TRUE
ggsci,schwifty_rickandmorty,12,qualitative,TRUE
ggsci,uniform_startrek,7,qualitative,TRUE
ggsci,legacy_tron,7,qualitative,TRUE
ggsci,default_gsea,12,divergent,FALSE
ggsci,red_material,10,sequential,FALSE
ggsci,pink_material,10,sequential,FALSE
ggsci,purple_material,10,sequential,FALSE
ggsci,deep_purple_material,10,sequential,FALSE
ggsci,indigo_material,10,sequential,FALSE
ggsci,blue_material,10,sequential,FALSE
ggsci,light_blue_material,10,sequential,FALSE
ggsci,cyan_material,10,sequential,FALSE
ggsci,teal_material,10,sequential,FALSE
ggsci,green_material,10,sequential,FALSE
ggsci,light_green_material,10,sequential,FALSE
ggsci,lime_material,10,sequential,FALSE
ggsci,yellow_material,10,sequential,FALSE
ggsci,amber_material,10,sequential,FALSE
ggsci,orange_material,10,sequential,FALSE
ggsci,deep_orange_material,10,sequential,FALSE
ggsci,brown_material,10,sequential,FALSE
ggsci,grey_material,10,sequential,FALSE
ggsci,blue_grey_material,10,sequential,FALSE
ggsci,default_bmj,9,qualitative,TRUE
ggsci,observable10_observable,10,qualitative,TRUE
ggsci,mark17_primer,17,qualitative,TRUE
ggsci,categorical8_atlassian,8,qualitative,TRUE
ggsci,blue_bs5,9,sequential,FALSE
ggsci,indigo_bs5,9,sequential,FALSE
ggsci,purple_bs5,9,sequential,FALSE
ggsci,pink_bs5,9,sequential,FALSE
ggsci,red_bs5,9,sequential,FALSE
ggsci,orange_bs5,9,sequential,FALSE
ggsci,yellow_bs5,9,sequential,FALSE
ggsci,green_bs5,9,sequential,FALSE
ggsci,teal_bs5,9,sequential,FALSE
ggsci,cyan_bs5,9,sequential,FALSE
ggsci,gray_bs5,9,sequential,FALSE
ggsci,slate_tw3,11,sequential,FALSE
ggsci,gray_tw3,11,sequential,FALSE
ggsci,zinc_tw3,11,sequential,FALSE
ggsci,neutral_tw3,11,sequential,FALSE
ggsci,stone_tw3,11,sequential,FALSE
ggsci,red_tw3,11,sequential,FALSE
ggsci,orange_tw3,11,sequential,FALSE
ggsci,amber_tw3,11,sequential,FALSE
ggsci,yellow_tw3,11,sequential,FALSE
ggsci,lime_tw3,11,sequential,FALSE
ggsci,green_tw3,11,sequential,FALSE
ggsci,emerald_tw3,11,sequential,FALSE
ggsci,teal_tw3,11,sequential,FALSE
ggsci,cyan_tw3,11,sequential,FALSE
ggsci,sky_tw3,11,sequential,FALSE
ggsci,blue_tw3,11,sequential,FALSE
ggsci,indigo_tw3,11,sequential,FALSE
ggsci,violet_tw3,11,sequential,FALSE
ggsci,purple_tw3,11,sequential,FALSE
ggsci,fuchsia_tw3,11,sequential,FALSE
ggsci,pink_tw3,11,sequential,FALSE
ggsci,rose_tw3,11,sequential,FALSE
ggpomological,pomological_base,7,qualitative,TRUE
ggpomological,pomological_palette,9,qualitative,TRUE
ggprism,autumn_leaves,9,qualitative,TRUE
ggprism,beer_and_ales,9,qualitative,TRUE
ggprism,black_and_white,9,qualitative,TRUE
ggprism,blueprint,9,qualitative,TRUE
ggprism,blueprint2,9,qualitative,TRUE
ggprism,blueprint3,9,qualitative,TRUE
ggprism,candy_bright,9,qualitative,TRUE
ggprism,candy_soft,9,qualitative,TRUE
ggprism,colorblind_safe,6,qualitative,TRUE
ggprism,colors,20,qualitative,TRUE
ggprism,diazo,9,qualitative,TRUE
ggprism,earth_tones,10,qualitative,TRUE
ggprism,evergreen,9,qualitative,TRUE
ggprism,fir,9,qualitative,TRUE
ggprism,fir2,9,qualitative,TRUE
ggprism,fir3,9,qualitative,TRUE
ggprism,flames,9,qualitative,TRUE
ggprism,flames2,9,qualitative,TRUE
ggprism,floral,12,qualitative,TRUE
ggprism,floral2,12,qualitative,TRUE
ggprism,greenwash,10,qualitative,TRUE
ggprism,inferno,6,sequential,TRUE
ggprism,magma,6,sequential,TRUE
ggprism,mustard_field,9,qualitative,TRUE
ggprism,mustard_field2,9,qualitative,TRUE
ggprism,muted_rainbow,10,qualitative,TRUE
ggprism,neon,9,qualitative,TRUE
ggprism,ocean,9,qualitative,TRUE
ggprism,ocean2,9,qualitative,TRUE
ggprism,ocean3,9,qualitative,TRUE
ggprism,office,9,qualitative,TRUE
ggprism,pastels,9,qualitative,TRUE
ggprism,pearl,6,qualitative,TRUE
ggprism,pearl2,6,qualitative,TRUE
ggprism,plasma,6,sequential,TRUE
ggprism,prism_dark,10,qualitative,TRUE
ggprism,prism_dark2,10,qualitative,TRUE
ggprism,prism_light,10,qualitative,TRUE
ggprism,prism_light2,10,qualitative,TRUE
ggprism,purple_passion,9,qualitative,TRUE
ggprism,quiet,9,qualitative,TRUE
ggprism,quiet2,9,qualitative,TRUE
ggprism,shades_of_gray,9,qualitative,TRUE
ggprism,spring,9,qualitative,TRUE
ggprism,spring2,9,qualitative,TRUE
ggprism,stained_glass,9,qualitative,TRUE
ggprism,stained_glass2,9,qualitative,TRUE
ggprism,starry,5,qualitative,TRUE
ggprism,starry2,5,qualitative,TRUE
ggprism,summer,10,qualitative,TRUE
ggprism,sunny_garden,9,qualitative,TRUE
ggprism,sunny_garden2,9,qualitative,TRUE
ggprism,sunny_garden3,9,qualitative,TRUE
ggprism,the_blues,9,qualitative,TRUE
ggprism,viridis,6,sequential,TRUE
ggprism,warm_and_sunny,9,qualitative,TRUE
ggprism,warm_pastels,9,qualitative,TRUE
ggprism,warm_pastels2,9,qualitative,TRUE
ggprism,waves,5,qualitative,TRUE
ggprism,waves2,5,qualitative,TRUE
ggprism,winter_bright,9,qualitative,TRUE
ggprism,winter_soft,9,qualitative,TRUE
ggprism,wool_muffler,9,qualitative,TRUE
ggprism,wool_muffler2,9,qualitative,TRUE
ggprism,wool_muffler3,9,qualitative,TRUE
ggthemes,calc,12,qualitative,TRUE
ggthemes,manyeys,19,qualitative,TRUE
ggthemes,gdoc,24,qualitative,TRUE
ggthemes,fivethirtyeight,6,qualitative,TRUE
ggthemes,colorblind,8,qualitative,FALSE
ggthemes,Tableau_10,10,qualitative,FALSE
ggthemes,Tableau_20,20,qualitative,FALSE
ggthemes,Color_Blind,10,qualitative,FALSE
ggthemes,Seattle_Grays,5,qualitative,TRUE
ggthemes,Traffic,9,qualitative,TRUE
ggthemes,Miller_Stone,11,qualitative,TRUE
ggthemes,Superfishel_Stone,10,qualitative,TRUE
ggthemes,Nuriel_Stone,9,qualitative,TRUE
ggthemes,Jewel_Bright,9,qualitative,TRUE
ggthemes,Summer,8,qualitative,TRUE
ggthemes,Winter,10,qualitative,TRUE
ggthemes,Green_Orange_Teal,12,qualitative,TRUE
ggthemes,Red_Blue_Brown,12,qualitative,TRUE
ggthemes,Purple_Pink_Gray,12,qualitative,TRUE
ggthemes,Hue_Circle,19,qualitative,TRUE
ggthemes,Classic_10,10,qualitative,FALSE
ggthemes,Classic_10_Medium,10,qualitative,FALSE
ggthemes,Classic_10_Light,10,qualitative,FALSE
ggthemes,Classic_20,20,qualitative,FALSE
ggthemes,Classic_Gray_5,5,qualitative,FALSE
ggthemes,Classic_Color_Blind,10,qualitative,FALSE
ggthemes,Classic_Traffic_Light,9,qualitative,FALSE
ggthemes,Classic_Purple_Gray_6,6,qualitative,FALSE
ggthemes,Classic_Purple_Gray_12,12,qualitative,FALSE
ggthemes,Classic_Green_Orange_6,6,qualitative,FALSE
ggthemes,Classic_Green_Orange_12,12,qualitative,FALSE
ggthemes,Classic_Blue_Red_6,6,qualitative,FALSE
ggthemes,Classic_Blue_Red_12,12,qualitative,FALSE
ggthemes,Classic_Cyclic,13,qualitative,FALSE
ggthemes,few_Light,9,qualitative,FALSE
ggthemes,few_Medium,9,qualitative,FALSE
ggthemes,few_Dark,9,qualitative,FALSE
ggthemes,excel_Atlas,6,qualitative,FALSE
ggthemes,excel_Badge,6,qualitative,FALSE
ggthemes,excel_Berlin,6,qualitative,FALSE
ggthemes,excel_Celestial,6,qualitative,FALSE
ggthemes,excel_Crop,6,qualitative,FALSE
ggthemes,excel_Depth,6,qualitative,FALSE
ggthemes,excel_Droplet,6,qualitative,FALSE
ggthemes,excel_Facet,6,qualitative,FALSE
ggthemes,excel_Feathered,6,qualitative,FALSE
ggthemes,excel_Gallery,6,qualitative,FALSE
ggthemes,excel_Headlines,6,qualitative,TRUE
ggthemes,excel_Integral,6,qualitative,TRUE
ggthemes,excel_Ion_Boardroom,6,qualitative,TRUE
ggthemes,excel_Ion,6,qualitative,TRUE
ggthemes,excel_Madison,6,qualitative,TRUE
ggthemes,excel_Main_Event,6,qualitative,TRUE
ggthemes,excel_Mesh,6,qualitative,TRUE
ggthemes,excel_Office_Theme,6,qualitative,TRUE
ggthemes,excel_Organic,6,qualitative,TRUE
ggthemes,excel_Parallax,6,qualitative,TRUE
ggthemes,excel_Parcel,6,qualitative,TRUE
ggthemes,excel_Retrospect,6,qualitative,TRUE
ggthemes,excel_Savon,6,qualitative,TRUE
ggthemes,excel_Slice,6,qualitative,TRUE
ggthemes,excel_Vapor_Trail,6,qualitative,TRUE
ggthemes,excel_View,6,qualitative,TRUE
ggthemes,excel_Wisp,6,qualitative,TRUE
ggthemes,excel_Wood_Type,6,qualitative,TRUE
ggthemes,excel_Aspect,6,qualitative,TRUE
ggthemes,excel_Blue_Green,6,qualitative,TRUE
ggthemes,excel_Blue_II,6,qualitative,TRUE
ggthemes,excel_Blue_Warm,6,qualitative,TRUE
ggthemes,excel_Blue,6,qualitative,TRUE
ggthemes,excel_Grayscale,6,sequential,FALSE
ggthemes,excel_Green_Yellow,6,qualitative,TRUE
ggthemes,excel_Green,6,qualitative,TRUE
ggthemes,excel_Marquee,6,qualitative,TRUE
ggthemes,excel_Median,6,qualitative,TRUE
ggthemes,excel_Office_2007_2010,6,qualitative,TRUE
ggthemes,excel_Orange_Red,6,qualitative,TRUE
ggthemes,excel_Orange,6,qualitative,TRUE
ggthemes,excel_Paper,6,qualitative,TRUE
ggthemes,excel_Red_Orange,6,qualitative,TRUE
ggthemes,excel_Red_Violet,6,qualitative,TRUE
ggthemes,excel_Red,6,qualitative,TRUE
ggthemes,excel_Slipstream,6,qualitative,TRUE
ggthemes,excel_Violet_II,6,qualitative,TRUE
ggthemes,excel_Violet,6,qualitative,TRUE
ggthemes,excel_Yellow_Orange,6,qualitative,TRUE
ggthemes,excel_Yellow,6,qualitative,TRUE
ggthemes,wsj_rgby,4,qualitative,TRUE
ggthemes,wsj_red_green,2,qualitative,TRUE
ggthemes,wsj_black_green,4,qualitative,TRUE
ggthemes,wsj_dem_rep,3,qualitative,TRUE
ggthemes,wsj_colors6,6,qualitative,TRUE
ggthemes,stata_s2color,15,qualitative,TRUE
ggthemes,stata_s1rcolor,15,qualitative,TRUE
ggthemes,stata_s1color,15,qualitative,TRUE
ggthemes,stata_mono,15,qualitative,TRUE
ggthemes,stata_economist,15,qualitative,TRUE
ggthemes,hc_default,10,qualitative,TRUE
ggthemes,hc_darkunica,11,qualitative,TRUE
ggthemes,hc_bg,5,qualitative,TRUE
ggthemes,hc_fg,12,qualitative,TRUE
ggthemr,flat,9,qualitative,TRUE
ggthemr,flat_dark,9,qualitative,TRUE
ggthemr,dust,9,qualitative,TRUE
ggthemr,light,9,qualitative,TRUE
ggthemr,earth,9,qualitative,TRUE
ggthemr,fresh,9,qualitative,TRUE
ggthemr,chalk,7,qualitative,TRUE
ggthemr,lilac,11,qualitative,TRUE
ggthemr,carrot,9,qualitative,TRUE
ggthemr,pale,10,qualitative,TRUE
ggthemr,copper,11,qualitative,TRUE
ggthemr,grape,9,qualitative,TRUE
ggthemr,greyscale,9,qualitative,TRUE
ggthemr,sky,6,qualitative,TRUE
ggthemr,solarized,7,qualitative,TRUE
ggthemr,grass,7,qualitative,TRUE
ggthemr,sea,11,qualitative,TRUE
ggthemr,camouflage,7,qualitative,TRUE
ghibli,MarnieLight1,7,qualitative,TRUE
ghibli,MarnieMedium1,7,qualitative,TRUE
ghibli,MarnieDark1,7,qualitative,TRUE
ghibli,MarnieLight2,7,qualitative,TRUE
ghibli,MarnieMedium2,7,qualitative,TRUE
ghibli,MarnieDark2,7,qualitative,TRUE
ghibli,PonyoLight,7,qualitative,TRUE
ghibli,PonyoMedium,7,qualitative,TRUE
ghibli,PonyoDark,7,qualitative,TRUE
ghibli,LaputaLight,7,qualitative,TRUE
ghibli,LaputaMedium,7,qualitative,TRUE
ghibli,LaputaDark,7,qualitative,TRUE
ghibli,MononokeLight,7,qualitative,TRUE
ghibli,MononokeMedium,7,qualitative,TRUE
ghibli,MononokeDark,7,qualitative,TRUE
ghibli,SpiritedLight,7,qualitative,TRUE
ghibli,SpiritedMedium,7,qualitative,TRUE
ghibli,SpiritedDark,7,qualitative,TRUE
ghibli,YesterdayLight,7,qualitative,TRUE
ghibli,YesterdayMedium,7,qualitative,TRUE
ghibli,YesterdayDark,7,qualitative,TRUE
ghibli,KikiLight,7,qualitative,TRUE
ghibli,KikiMedium,7,qualitative,TRUE
ghibli,KikiDark,7,qualitative,TRUE
ghibli,TotoroLight,7,qualitative,TRUE
ghibli,TotoroMedium,7,qualitative,TRUE
ghibli,TotoroDark,7,qualitative,TRUE
grDevices,blues9,9,sequential,FALSE
IslamicArt,shiraz,12,qualitative,TRUE
IslamicArt,samarqand,12,qualitative,TRUE
IslamicArt,samarqand2,4,qualitative,TRUE
IslamicArt,shiraz2,12,qualitative,TRUE
IslamicArt,abu_dhabi,13,qualitative,TRUE
IslamicArt,istanbul,8,qualitative,TRUE
IslamicArt,istanbul2,11,qualitative,TRUE
IslamicArt,istanbul3,8,qualitative,TRUE
IslamicArt,konya,8,qualitative,TRUE
IslamicArt,jerusalem,9,qualitative,TRUE
IslamicArt,fes,8,qualitative,TRUE
IslamicArt,fes2,9,qualitative,TRUE
IslamicArt,alhambra,6,qualitative,TRUE
IslamicArt,cordoba,8,qualitative,TRUE
IslamicArt,damascus,9,qualitative,TRUE
IslamicArt,ottoman,5,qualitative,TRUE
khroma,broc,256,divergent,FALSE
khroma,cork,256,divergent,FALSE
khroma,vik,256,divergent,FALSE
khroma,lisbon,256,divergent,FALSE
khroma,tofino,256,divergent,FALSE
khroma,berlin,256,divergent,FALSE
khroma,roma,256,divergent,FALSE
khroma,bam,256,divergent,FALSE
khroma,vanimo,256,divergent,FALSE
khroma,oleron,256,divergent,FALSE
khroma,bukavu,256,divergent,FALSE
khroma,fes,256,divergent,FALSE
khroma,devon,256,sequential,FALSE
khroma,lajolla,256,sequential,FALSE
khroma,bamako,256,sequential,FALSE
khroma,davos,256,sequential,FALSE
khroma,bilbao,256,sequential,FALSE
khroma,nuuk,256,sequential,FALSE
khroma,oslo,256,sequential,FALSE
khroma,grayC,256,sequential,FALSE
khroma,hawaii,256,sequential,FALSE
khroma,lapaz,256,sequential,FALSE
khroma,tokyo,256,sequential,FALSE
khroma,buda,256,sequential,FALSE
khroma,acton,256,sequential,FALSE
khroma,turku,256,sequential,FALSE
khroma,imola,256,sequential,FALSE
khroma,batlow,256,sequential,FALSE
khroma,batlowW,256,sequential,FALSE
khroma,batlowK,256,sequential,FALSE
khroma,brocO,256,divergent,FALSE
khroma,corkO,256,divergent,FALSE
khroma,vikO,256,divergent,FALSE
khroma,romaO,256,divergent,FALSE
khroma,bamO,256,divergent,FALSE
khroma,bright,7,qualitative,FALSE
khroma,vibrant,7,qualitative,FALSE
khroma,muted,9,qualitative,FALSE
khroma,pale,6,qualitative,FALSE
khroma,dark,6,qualitative,FALSE
khroma,light,9,qualitative,FALSE
khroma,sunset,11,divergent,FALSE
khroma,BuRd,9,divergent,FALSE
khroma,PRGn,9,divergent,FALSE
khroma,YlOrBr,9,sequential,FALSE
khroma,iridescent,23,sequential,FALSE
khroma,discreterainbow,29,qualitative,FALSE
khroma,smoothrainbow,34,sequential,FALSE
khroma,okabeito,8,qualitative,FALSE
khroma,stratigraphy,175,qualitative,FALSE
khroma,soil,24,qualitative,FALSE
khroma,land,14,qualitative,FALSE
khroma,highcontrast,3,qualitative,FALSE
khroma,mediumcontrast,6,qualitative,FALSE
khroma,nightfall,17,qualitative,FALSE
khroma,incandescent,11,qualitative,FALSE
khroma,okabeitoblack,8,qualitative,FALSE
khroma,managua,256,divergent,FALSE
khroma,navia,256,sequential,FALSE
khroma,naviaW,256,sequential,FALSE
khroma,glasgow,256,sequential,FALSE
khroma,lipari,256,sequential,FALSE
jcolors,default,5,qualitative,TRUE
jcolors,pal2,5,qualitative,TRUE
jcolors,pal3,5,qualitative,TRUE
jcolors,pal4,6,qualitative,TRUE
jcolors,pal5,6,qualitative,TRUE
jcolors,pal6,8,qualitative,TRUE
jcolors,pal7,8,qualitative,TRUE
jcolors,pal8,12,qualitative,TRUE
jcolors,pal9,6,qualitative,TRUE
jcolors,pal10,10,sequential,TRUE
jcolors,pal11,12,sequential,TRUE
jcolors,pal12,13,sequential,TRUE
jcolors,rainbow,9,qualitative,TRUE
LaCroixColoR,PassionFruit,6,qualitative,TRUE
LaCroixColoR,Mango,6,qualitative,TRUE
LaCroixColoR,Pure,6,qualitative,TRUE
LaCroixColoR,Lime,6,divergent,TRUE
LaCroixColoR,Lemon,6,divergent,TRUE
LaCroixColoR,Orange,6,divergent,TRUE
LaCroixColoR,Berry,6,divergent,TRUE
LaCroixColoR,CranRaspberry,6,divergent,TRUE
LaCroixColoR,Pamplemousse,6,divergent,TRUE
LaCroixColoR,PeachPear,6,divergent,TRUE
LaCroixColoR,Coconut,6,divergent,TRUE
LaCroixColoR,Apricot,6,qualitative,TRUE
LaCroixColoR,Tangerine,7,qualitative,TRUE
LaCroixColoR,KeyLime,5,qualitative,TRUE
LaCroixColoR,PommeBaya,5,qualitative,TRUE
LaCroixColoR,CeriseLimon,6,qualitative,TRUE
LaCroixColoR,PinaFraise,6,qualitative,TRUE
LaCroixColoR,KiwiSandia,7,qualitative,TRUE
LaCroixColoR,MelonPomelo,6,qualitative,TRUE
LaCroixColoR,MurePepino,6,qualitative,TRUE
LaCroixColoR,paired,14,qualitative,TRUE
impressionist.colors,les_nympheas,15,qualitative,TRUE
impressionist.colors,les_nympheas_2,15,qualitative,TRUE
impressionist.colors,les_peupliers,16,qualitative,TRUE
impressionist.colors,le_dejeuner_des_canotiers,13,qualitative,TRUE
impressionist.colors,pres_du_lac,11,qualitative,TRUE
impressionist.colors,la_yole,14,qualitative,TRUE
impressionist.colors,dans_la_serre,13,qualitative,TRUE
impressionist.colors,melon_et_peches,10,qualitative,TRUE
impressionist.colors,fleurs_dans_un_vase_de_cristal,14,qualitative,TRUE
impressionist.colors,danseuses_a_la_barre,12,qualitative,TRUE
impressionist.colors,chanteuse_de_cafe_concert,12,qualitative,TRUE
impressionist.colors,la_chanson_du_chien,10,qualitative,TRUE
impressionist.colors,la_recolte_des_foins_eragny,12,qualitative,TRUE
impressionist.colors,paysage_tropical_avec_masureset_palmiers,11,qualitative,TRUE
impressionist.colors,lestaque_aux_toits_rouges,13,qualitative,TRUE
impressionist.colors,bouilloire_et_fruits,9,qualitative,TRUE
impressionist.colors,korenveld_onder_onweerslucht,14,qualitative,TRUE
impressionist.colors,irissen,14,qualitative,TRUE
impressionist.colors,de_slaapkamer,13,qualitative,TRUE
impressionist.colors,te_aa_no_areois,14,qualitative,TRUE
impressionist.colors,la_sieste,16,qualitative,TRUE
impressionist.colors,vahine_no_te_tiare,15,qualitative,TRUE
impressionist.colors,les_terrassiers,13,qualitative,TRUE
impressionist.colors,un_dimanche_apres_midi_a_l_ile_de_la_grande_jatte,16,qualitative,TRUE
lisa,JosefAlbers,5,qualitative,TRUE
lisa,JosefAlbers_1,5,qualitative,TRUE
lisa,GretchenAlbrecht,5,qualitative,TRUE
lisa,BillyApple,5,qualitative,TRUE
lisa,PerArnoldi,5,qualitative,TRUE
lisa,MiltonAvery,5,qualitative,TRUE
lisa,MiltonAvery_1,5,qualitative,TRUE
lisa,HilmaafKlint,5,qualitative,TRUE
lisa,Jean_MichelBasquiat,5,qualitative,TRUE
lisa,Jean_MichelBasquiat_1,5,qualitative,TRUE
lisa,MaxBeckmann,5,qualitative,TRUE
lisa,FernandoBotero,5,qualitative,TRUE
lisa,SandroBotticelli,5,qualitative,TRUE
lisa,SandroBotticelli_1,5,qualitative,TRUE
lisa,PieterBruegel,5,qualitative,TRUE
lisa,JackBush,5,qualitative,TRUE
lisa,JackBush_1,5,qualitative,TRUE
lisa,MaryCassatt,5,qualitative,TRUE
lisa,PaulCezanne,5,qualitative,TRUE
lisa,MarcChagall,5,qualitative,TRUE
lisa,C_M_Coolidge,5,divergent,TRUE
lisa,SalvadorDali,5,qualitative,TRUE
lisa,SalvadorDali_1,5,qualitative,TRUE
lisa,LeonardodaVinci,5,qualitative,TRUE
lisa,GeneDavis,5,qualitative,TRUE
lisa,GiorgiodeChirico,5,qualitative,TRUE
lisa,GiorgiodeChirico_1,5,qualitative,TRUE
lisa,EdgarDegas,5,qualitative,TRUE
lisa,RobertDelaunay,5,qualitative,TRUE
lisa,RobertDelaunay_1,5,qualitative,TRUE
lisa,CharlesDemuth,5,qualitative,TRUE
lisa,RichardDiebenkorn,5,qualitative,TRUE
lisa,OttoDix,5,qualitative,TRUE
lisa,OttoDix_1,5,qualitative,TRUE
lisa,MarcelDuchamp,5,qualitative,TRUE
lisa,AlbrechtDurer,5,qualitative,TRUE
lisa,MaxErnst,5,qualitative,TRUE
lisa,M_C_Escher,5,qualitative,TRUE
lisa,PaulFeeley,5,qualitative,TRUE
lisa,LorserFeitelson,5,qualitative,TRUE
lisa,HelenFrankenthaler,5,qualitative,TRUE
lisa,LucianFreud,5,qualitative,TRUE
lisa,TerryFrost,5,qualitative,TRUE
lisa,PaulGauguin,5,qualitative,TRUE
lisa,RupprechtGeiger,5,qualitative,TRUE
lisa,HansHofmann,5,qualitative,TRUE
lisa,KatsushikaHokusai,5,qualitative,TRUE
lisa,WinslowHomer,5,qualitative,TRUE
lisa,EdwardHopper,5,qualitative,TRUE
lisa,RobertIndiana,5,qualitative,TRUE
lisa,JamesJean,5,qualitative,TRUE
lisa,JasperJohns,5,qualitative,TRUE
lisa,FridaKahlo,5,divergent,TRUE
lisa,WassilyKandinsky,5,qualitative,TRUE
lisa,WassilyKandinsky_1,5,qualitative,TRUE
lisa,WassilyKandinsky_2,5,qualitative,TRUE
lisa,PaulKlee,5,qualitative,TRUE
lisa,PaulKlee_1,5,qualitative,TRUE
lisa,YvesKlein,5,qualitative,TRUE
lisa,GustavKlimt,5,qualitative,TRUE
lisa,JeffKoons,5,qualitative,TRUE
lisa,LeeKrasner,5,qualitative,TRUE
lisa,JacobLawrence,5,qualitative,TRUE
lisa,JacobLawrence_1,5,qualitative,TRUE
lisa,SolLeWitt,5,qualitative,TRUE
lisa,RoyLichtenstein,5,qualitative,TRUE
lisa,RoyLichtenstein_1,5,qualitative,TRUE
lisa,RoyLichtenstein_2,5,qualitative,TRUE
lisa,KazimirMalevich,5,qualitative,TRUE
lisa,EdouardManet,5,qualitative,TRUE
lisa,ReneMagritte,5,qualitative,TRUE
lisa,ReneMagritte_1,5,qualitative,TRUE
lisa,Masaccio,5,qualitative,TRUE
lisa,Michelangelo,5,qualitative,TRUE
lisa,JoanMiro,5,qualitative,TRUE
lisa,AmedeoModigliani,5,qualitative,TRUE
lisa,PietMondrian,5,qualitative,TRUE
lisa,ClaudeMonet,5,qualitative,TRUE
lisa,ClaudeMonet_1,5,qualitative,TRUE
lisa,ClaudeMonet_2,5,qualitative,TRUE
lisa,EdvardMunch,5,qualitative,TRUE
lisa,EdvardMunch_1,5,qualitative,TRUE
lisa,BarnettNewman,5,qualitative,TRUE
lisa,KennethNoland,5,qualitative,TRUE
lisa,GeorgiaOKeeffe,5,sequential,TRUE
lisa,ClaesOldenburg,5,qualitative,TRUE
lisa,PabloPicasso,5,qualitative,TRUE
lisa,PabloPicasso_1,5,qualitative,TRUE
lisa,JacksonPollock,5,qualitative,TRUE
lisa,Prince,5,sequential,TRUE
lisa,JohnQuidor,5,qualitative,TRUE
lisa,MelRamos,5,qualitative,TRUE
lisa,OdilonRedon,5,qualitative,TRUE
lisa,Rembrandt,5,qualitative,TRUE
lisa,Pierre_AugusteRenoir,5,qualitative,TRUE
lisa,Pierre_AugusteRenoir_1,5,qualitative,TRUE
lisa,BridgetRiley,5,qualitative,TRUE
lisa,JamesRosenquist,5,qualitative,TRUE
lisa,MarkRothko,5,sequential,TRUE
lisa,MarkRothko_1,5,qualitative,TRUE
lisa,JohnSingerSargent,5,qualitative,TRUE
lisa,JohnSingerSargent_1,5,qualitative,TRUE
lisa,JohnSingerSargent_2,5,qualitative,TRUE
lisa,OskarSchlemmer,5,divergent,TRUE
lisa,GeorgesSeurat,5,qualitative,TRUE
lisa,SandySkoglund,5,qualitative,TRUE
lisa,PavelTchelitchew,5,qualitative,TRUE
lisa,J_M_W_Turner,5,qualitative,TRUE
lisa,CyTwombly,5,qualitative,TRUE
lisa,JohannJacobUlrich,5,sequential,TRUE
lisa,TheovanDoesburg,5,qualitative,TRUE
lisa,TheovanDoesburg_1,5,qualitative,TRUE
lisa,JanvanEyck,5,qualitative,TRUE
lisa,VincentvanGogh,5,qualitative,TRUE
lisa,VincentvanGogh_1,5,qualitative,TRUE
lisa,VincentvanGogh_2,5,qualitative,TRUE
lisa,RemediosVaro,5,qualitative,TRUE
lisa,DiegoVelazquez,5,qualitative,TRUE
lisa,JohannesVermeer,5,qualitative,TRUE
lisa,JohannesVermeer_1,5,qualitative,TRUE
lisa,AndyWarhol,5,qualitative,TRUE
lisa,AndyWarhol_1,5,qualitative,TRUE
lisa,AndyWarhol_2,5,qualitative,TRUE
lisa,AndyWarhol_3,5,qualitative,TRUE
lisa,GrantWood,5,qualitative,TRUE
lisa,FrancescoXanto,5,qualitative,TRUE
lisa,JackYoungerman,5,qualitative,TRUE
lisa,KarlZerbe,5,qualitative,TRUE
ltc,paloma,5,qualitative,TRUE
ltc,maya,5,qualitative,TRUE
ltc,dora,5,qualitative,TRUE
ltc,ploen,5,qualitative,TRUE
ltc,olga,5,qualitative,TRUE
ltc,mterese,5,qualitative,TRUE
ltc,gaby,5,qualitative,TRUE
ltc,franscoise,5,qualitative,TRUE
ltc,fernande,4,qualitative,TRUE
ltc,sylvie,5,qualitative,TRUE
ltc,crbhits,9,qualitative,TRUE
ltc,expevo,6,qualitative,TRUE
ltc,minou,6,qualitative,TRUE
ltc,kiss,5,qualitative,TRUE
ltc,hat,10,qualitative,TRUE
ltc,reading,8,qualitative,TRUE
ltc,ten_colors,10,qualitative,TRUE
ltc,alger,5,qualitative,TRUE
ltc,trio1,3,qualitative,TRUE
ltc,trio2,3,qualitative,TRUE
ltc,trio3,3,qualitative,TRUE
ltc,trio4,3,qualitative,TRUE
ltc,heatmap,9,qualitative,TRUE
ltc,pantone23,5,qualitative,TRUE
MetBrewer,Archambault,7,qualitative,TRUE
MetBrewer,Austria,7,qualitative,TRUE
MetBrewer,Benedictus,13,qualitative,TRUE
MetBrewer,Cassatt1,8,qualitative,TRUE
MetBrewer,Cassatt2,10,qualitative,TRUE
MetBrewer,Cross,9,qualitative,TRUE
MetBrewer,Degas,7,qualitative,TRUE
MetBrewer,Demuth,10,qualitative,TRUE
MetBrewer,Derain,7,qualitative,TRUE
MetBrewer,Egypt,4,qualitative,TRUE
MetBrewer,Gauguin,6,qualitative,TRUE
MetBrewer,Greek,5,qualitative,TRUE
MetBrewer,Hiroshige,10,qualitative,TRUE
MetBrewer,Hokusai1,7,qualitative,TRUE
MetBrewer,Hokusai2,6,qualitative,TRUE
MetBrewer,Hokusai3,6,qualitative,TRUE
MetBrewer,Homer1,8,qualitative,TRUE
MetBrewer,Homer2,6,qualitative,TRUE
MetBrewer,Ingres,8,qualitative,TRUE
MetBrewer,Isfahan1,8,qualitative,TRUE
MetBrewer,Isfahan2,5,qualitative,TRUE
MetBrewer,Java,5,qualitative,TRUE
MetBrewer,Johnson,5,qualitative,TRUE
MetBrewer,Juarez,6,qualitative,TRUE
MetBrewer,Kandinsky,4,qualitative,TRUE
MetBrewer,Klimt,6,qualitative,TRUE
MetBrewer,Lakota,6,qualitative,TRUE
MetBrewer,Manet,11,qualitative,TRUE
MetBrewer,Monet,9,qualitative,TRUE
MetBrewer,Moreau,7,qualitative,TRUE
MetBrewer,Morgenstern,8,qualitative,TRUE
MetBrewer,Nattier,7,qualitative,TRUE
MetBrewer,Navajo,5,qualitative,TRUE
MetBrewer,NewKingdom,5,qualitative,TRUE
MetBrewer,Nizami,8,qualitative,TRUE
MetBrewer,OKeeffe1,11,qualitative,TRUE
MetBrewer,OKeeffe2,7,qualitative,TRUE
MetBrewer,Paquin,11,qualitative,TRUE
MetBrewer,Peru1,6,qualitative,TRUE
MetBrewer,Peru2,6,qualitative,TRUE
MetBrewer,Pillement,6,qualitative,TRUE
MetBrewer,Pissaro,7,qualitative,TRUE
MetBrewer,Redon,12,qualitative,TRUE
MetBrewer,Renoir,12,qualitative,TRUE
MetBrewer,Signac,14,qualitative,TRUE
MetBrewer,Tam,8,qualitative,TRUE
MetBrewer,Tara,5,qualitative,TRUE
MetBrewer,Thomas,8,qualitative,TRUE
MetBrewer,Tiepolo,8,qualitative,TRUE
MetBrewer,Troy,8,qualitative,TRUE
MetBrewer,Tsimshian,7,qualitative,TRUE
MetBrewer,VanGogh1,7,qualitative,TRUE
MetBrewer,VanGogh2,8,qualitative,TRUE
MetBrewer,VanGogh3,8,qualitative,TRUE
MetBrewer,Veronese,7,qualitative,TRUE
MetBrewer,Wissing,5,qualitative,TRUE
MexBrewer,Alacena,10,divergent,TRUE
MexBrewer,Atentado,10,qualitative,TRUE
MexBrewer,Aurora,7,sequential,TRUE
MexBrewer,Casita1,5,qualitative,TRUE
MexBrewer,Casita2,5,qualitative,TRUE
MexBrewer,Casita3,5,qualitative,TRUE
MexBrewer,Concha,7,sequential,TRUE
MexBrewer,Frida,7,sequential,TRUE
MexBrewer,Huida,10,divergent,TRUE
MexBrewer,Maiz,10,divergent,TRUE
MexBrewer,Naturaleza,7,sequential,TRUE
MexBrewer,Ofrenda,10,divergent,TRUE
MexBrewer,Revolucion,10,divergent,TRUE
MexBrewer,Ronda,10,divergent,TRUE
MexBrewer,Taurus1,7,sequential,TRUE
MexBrewer,Taurus2,7,sequential,TRUE
MexBrewer,Tierra,7,sequential,TRUE
MexBrewer,Vendedora,10,divergent,TRUE
musculusColors,Bmlunge,6,qualitative,TRUE
musculusColors,Bmsurface,6,qualitative,TRUE
musculusColors,Bmpoop,5,qualitative,TRUE
musculusColors,ErFluke,5,qualitative,TRUE
musculusColors,ErHead,5,qualitative,TRUE
musculusColors,ErMole,5,qualitative,TRUE
musculusColors,ErWhale,5,qualitative,TRUE
nationalparkcolors,SmokyMountains,6,qualitative,TRUE
nationalparkcolors,RockyMountains,5,qualitative,TRUE
nationalparkcolors,Yellowstone,6,qualitative,TRUE
nationalparkcolors,Arches,6,qualitative,TRUE
nationalparkcolors,ArcticGates,6,qualitative,TRUE
nationalparkcolors,MtMckinley,6,qualitative,TRUE
nationalparkcolors,GeneralGrant,8,qualitative,TRUE
nationalparkcolors,Hawaii,5,qualitative,TRUE
nationalparkcolors,CraterLake,7,qualitative,TRUE
nationalparkcolors,Saguaro,6,qualitative,TRUE
nationalparkcolors,GrandTeton,5,qualitative,TRUE
nationalparkcolors,BryceCanyon,5,qualitative,TRUE
nationalparkcolors,MtRainier,5,qualitative,TRUE
nationalparkcolors,Badlands,5,qualitative,TRUE
nationalparkcolors,Redwoods,5,qualitative,TRUE
nationalparkcolors,Everglades,5,qualitative,TRUE
nationalparkcolors,Voyageurs,5,qualitative,TRUE
nationalparkcolors,BlueRidgePkwy,6,qualitative,TRUE
nationalparkcolors,Denali,5,qualitative,TRUE
nationalparkcolors,GreatBasin,6,qualitative,TRUE
nationalparkcolors,ChannelIslands,6,qualitative,TRUE
nationalparkcolors,Yosemite,5,qualitative,TRUE
nationalparkcolors,Acadia,6,qualitative,TRUE
nationalparkcolors,DeathValley,6,qualitative,TRUE
nationalparkcolors,Zion,5,qualitative,TRUE
NatParksPalettes,Acadia,9,qualitative,TRUE
NatParksPalettes,Arches,9,qualitative,TRUE
NatParksPalettes,Arches2,5,qualitative,TRUE
NatParksPalettes,Banff,7,qualitative,TRUE
NatParksPalettes,BryceCanyon,7,qualitative,TRUE
NatParksPalettes,CapitolReef,6,qualitative,TRUE
NatParksPalettes,Chamonix,6,qualitative,TRUE
NatParksPalettes,CraterLake,7,qualitative,TRUE
NatParksPalettes,Cuyahoga,6,qualitative,TRUE
NatParksPalettes,DeathValley,7,qualitative,TRUE
NatParksPalettes,Denali,6,qualitative,TRUE
NatParksPalettes,Everglades,6,qualitative,TRUE
NatParksPalettes,Glacier,5,qualitative,TRUE
NatParksPalettes,GrandCanyon,7,qualitative,TRUE
NatParksPalettes,Halekala,5,qualitative,TRUE
NatParksPalettes,IguazuFalls,6,qualitative,TRUE
NatParksPalettes,KingsCanyon,6,qualitative,TRUE
NatParksPalettes,LakeNakuru,6,qualitative,TRUE
NatParksPalettes,Olympic,9,qualitative,TRUE
NatParksPalettes,Redwood,6,qualitative,TRUE
NatParksPalettes,RockyMtn,7,qualitative,TRUE
NatParksPalettes,Saguaro,6,qualitative,TRUE
NatParksPalettes,SmokyMtns,7,qualitative,TRUE
NatParksPalettes,SouthDowns,6,qualitative,TRUE
NatParksPalettes,Torres,10,qualitative,TRUE
NatParksPalettes,Triglav,6,qualitative,TRUE
NatParksPalettes,WindCave,5,qualitative,TRUE
NatParksPalettes,Volcanoes,5,qualitative,TRUE
NatParksPalettes,Yellowstone,6,qualitative,TRUE
NatParksPalettes,Yosemite,6,qualitative,TRUE
nbapalettes,bobcats,5,qualitative,TRUE
nbapalettes,bobcats_original,4,qualitative,TRUE
nbapalettes,blazers,3,qualitative,TRUE
nbapalettes,blazers_statement,3,qualitative,TRUE
nbapalettes,blazers_city,5,qualitative,TRUE
nbapalettes,blazers_city2,4,qualitative,TRUE
nbapalettes,bucks,4,qualitative,TRUE
nbapalettes,bucks_earned,6,qualitative,TRUE
nbapalettes,bucks_00s,3,qualitative,TRUE
nbapalettes,bucks_retro,5,qualitative,TRUE
nbapalettes,bucks_city,4,qualitative,TRUE
nbapalettes,bucks_city2,6,qualitative,TRUE
nbapalettes,bulls,2,qualitative,TRUE
nbapalettes,bulls_city,3,qualitative,TRUE
nbapalettes,bulls_city2,3,qualitative,TRUE
nbapalettes,bulls_holiday,3,qualitative,TRUE
nbapalettes,cavaliers,4,qualitative,TRUE
nbapalettes,cavaliers_90s,3,qualitative,TRUE
nbapalettes,cavaliers_retro,2,qualitative,TRUE
nbapalettes,celtics,3,qualitative,TRUE
nbapalettes,celtics2,5,qualitative,TRUE
nbapalettes,celtics_europe,3,qualitative,TRUE
nbapalettes,celtics_champ,4,qualitative,TRUE
nbapalettes,clippers,4,qualitative,TRUE
nbapalettes,clippers_city,5,qualitative,TRUE
nbapalettes,clippers_retro,3,qualitative,TRUE
nbapalettes,clippers_original,4,qualitative,TRUE
nbapalettes,grizzlies,5,qualitative,TRUE
nbapalettes,grizzlies_00s,4,qualitative,TRUE
nbapalettes,grizzlies_retro,4,qualitative,TRUE
nbapalettes,grizzlies_europe,5,qualitative,TRUE
nbapalettes,hawks,4,qualitative,TRUE
nbapalettes,hawks_statement,3,qualitative,TRUE
nbapalettes,hawks_90s,4,qualitative,TRUE
nbapalettes,hawks_retro,3,qualitative,TRUE
nbapalettes,heat,3,qualitative,TRUE
nbapalettes,heat_90s,3,qualitative,TRUE
nbapalettes,heat_vice,3,qualitative,TRUE
nbapalettes,heat_dark,4,qualitative,TRUE
nbapalettes,heat_0506,3,qualitative,TRUE
nbapalettes,heat_military,5,qualitative,TRUE
nbapalettes,hornets,3,qualitative,TRUE
nbapalettes,hornets2,4,qualitative,TRUE
nbapalettes,hornets_classic,6,qualitative,TRUE
nbapalettes,hornets_city,3,qualitative,TRUE
nbapalettes,hornets_city2,4,qualitative,TRUE
nbapalettes,huskies,2,qualitative,TRUE
nbapalettes,jazz,3,qualitative,TRUE
nbapalettes,jazz_city,9,sequential,TRUE
nbapalettes,jazz_classic,5,qualitative,TRUE
nbapalettes,jazz_retro,5,qualitative,TRUE
nbapalettes,kings,3,qualitative,TRUE
nbapalettes,kings_city,4,qualitative,TRUE
nbapalettes,kings_alt,5,qualitative,TRUE
nbapalettes,kings_alt2,3,qualitative,TRUE
nbapalettes,knicks,3,qualitative,TRUE
nbapalettes,knicks_retro,3,qualitative,TRUE
nbapalettes,knicks_city,4,qualitative,TRUE
nbapalettes,knicks_city2,4,qualitative,TRUE
nbapalettes,knicks_holiday,5,qualitative,TRUE
nbapalettes,lakers,3,qualitative,TRUE
nbapalettes,lakers_city,4,qualitative,TRUE
nbapalettes,lakers_alt,3,qualitative,TRUE
nbapalettes,magic,3,qualitative,TRUE
nbapalettes,magic_city,3,qualitative,TRUE
nbapalettes,magic_city2,5,qualitative,TRUE
nbapalettes,mavericks,4,qualitative,TRUE
nbapalettes,mavericks_alt,5,qualitative,TRUE
nbapalettes,mavericks_city,4,qualitative,TRUE
nbapalettes,mavericks_retro,3,qualitative,TRUE
nbapalettes,mavericks_banner,5,qualitative,TRUE
nbapalettes,nets,2,qualitative,TRUE
nbapalettes,nets_city,5,qualitative,TRUE
nbapalettes,hornets_believe,6,qualitative,TRUE
nbapalettes,nuggets,4,qualitative,TRUE
nbapalettes,nuggets_80s,7,qualitative,TRUE
nbapalettes,nuggets_statement,4,qualitative,TRUE
nbapalettes,nuggets_city,5,qualitative,TRUE
nbapalettes,nuggets_city2,7,qualitative,TRUE
nbapalettes,pacers,3,qualitative,TRUE
nbapalettes,pacers_classic,2,qualitative,TRUE
nbapalettes,pacers_venue,4,qualitative,TRUE
nbapalettes,pacers_foundation,4,qualitative,TRUE
nbapalettes,pelicans,3,qualitative,TRUE
nbapalettes,pelicans_city,4,qualitative,TRUE
nbapalettes,pelicans_pride,4,qualitative,TRUE
nbapalettes,pistons,4,qualitative,TRUE
nbapalettes,pistons_90s,5,qualitative,TRUE
nbapalettes,pistons_city,4,qualitative,TRUE
nbapalettes,raptors,5,qualitative,TRUE
nbapalettes,raptors_statement,3,qualitative,TRUE
nbapalettes,raptors_city,4,qualitative,TRUE
nbapalettes,raptors_original,4,qualitative,TRUE
nbapalettes,raptors_europe,4,qualitative,TRUE
nbapalettes,raptors_military,5,qualitative,TRUE
nbapalettes,rockets,4,qualitative,TRUE
nbapalettes,rockets_90s,4,qualitative,TRUE
nbapalettes,rockets_city,3,qualitative,TRUE
nbapalettes,rockets_original,3,qualitative,TRUE
nbapalettes,sixers,5,qualitative,TRUE
nbapalettes,sixers_retro,2,qualitative,TRUE
nbapalettes,sixers_90s,4,qualitative,TRUE
nbapalettes,sixers_city,4,qualitative,TRUE
nbapalettes,spurs,5,qualitative,TRUE
nbapalettes,suns,7,qualitative,TRUE
nbapalettes,suns_00s,6,qualitative,TRUE
nbapalettes,suns_retro,3,qualitative,TRUE
nbapalettes,suns_statement,5,qualitative,TRUE
nbapalettes,suns_city,13,qualitative,TRUE
nbapalettes,supersonics,3,qualitative,TRUE
nbapalettes,supersonics_90s,5,qualitative,TRUE
nbapalettes,supersonics_holiday,4,qualitative,TRUE
nbapalettes,thunder,4,qualitative,TRUE
nbapalettes,thunder_statement,3,qualitative,TRUE
nbapalettes,thunder_city,6,qualitative,TRUE
nbapalettes,thunder_city2,5,qualitative,TRUE
nbapalettes,thunder_tribute,9,qualitative,TRUE
nbapalettes,timberwolves,4,qualitative,TRUE
nbapalettes,timberwolves_00s,6,qualitative,TRUE
nbapalettes,timberwolves_classic,6,qualitative,TRUE
nbapalettes,timberwolves_statement,4,qualitative,TRUE
nbapalettes,warriors,3,qualitative,TRUE
nbapalettes,warriors_00s,4,qualitative,TRUE
nbapalettes,warriors_city,3,qualitative,TRUE
nbapalettes,warriors_city2,4,qualitative,TRUE
nbapalettes,warriors_cny,3,qualitative,TRUE
nbapalettes,wizards,3,qualitative,TRUE
nbapalettes,wizards_city,3,qualitative,TRUE
nbapalettes,wizards_earned,4,qualitative,TRUE
NineteenEightyR,cobra,6,qualitative,TRUE
NineteenEightyR,electronic_night,5,qualitative,TRUE
NineteenEightyR,hotpink,5,sequential,TRUE
NineteenEightyR,malibu,5,qualitative,TRUE
NineteenEightyR,miami1,5,divergent,TRUE
NineteenEightyR,miami2,5,divergent,TRUE
NineteenEightyR,seventies_aint_done_yet,5,qualitative,TRUE
NineteenEightyR,sonny,5,qualitative,TRUE
NineteenEightyR,sunset1,5,qualitative,TRUE
NineteenEightyR,sunset2,5,sequential,TRUE
NineteenEightyR,sunset3,5,sequential,TRUE
NineteenEightyR,youngturqs,12,qualitative,TRUE
nord,polarnight,4,sequential,TRUE
nord,snowstorm,3,sequential,TRUE
nord,frost,4,qualitative,TRUE
nord,aurora,5,qualitative,TRUE
nord,lumina,5,qualitative,TRUE
nord,mountain_forms,5,divergent,TRUE
nord,silver_mine,5,divergent,TRUE
nord,lake_superior,6,qualitative,TRUE
nord,victory_bonds,5,qualitative,TRUE
nord,halifax_harbor,6,sequential,TRUE
nord,moose_pond,8,qualitative,TRUE
nord,algoma_forest,7,qualitative,TRUE
nord,rocky_mountain,6,qualitative,TRUE
nord,red_mountain,8,qualitative,TRUE
nord,baie_mouton,7,qualitative,TRUE
nord,afternoon_prarie,9,qualitative,TRUE
ochRe,namatjira_qual,8,qualitative,TRUE
ochRe,namatjira_div,8,qualitative,TRUE
ochRe,mccrea,11,qualitative,TRUE
ochRe,parliament,8,qualitative,TRUE
ochRe,tasmania,7,qualitative,TRUE
ochRe,nolan_ned,5,qualitative,TRUE
ochRe,winmar,7,qualitative,TRUE
ochRe,olsen_qual,6,qualitative,TRUE
ochRe,olsen_seq,14,qualitative,TRUE
ochRe,williams_pilbara,7,qualitative,TRUE
ochRe,healthy_reef,9,qualitative,TRUE
ochRe,emu_woman_paired,18,qualitative,TRUE
ochRe,galah,6,divergent,TRUE
ochRe,lorikeet,6,qualitative,TRUE
ochRe,dead_reef,6,qualitative,TRUE
ochRe,jumping_frog,5,qualitative,TRUE
palettetown,bulbasaur,13,qualitative,TRUE
palettetown,ivysaur,13,qualitative,TRUE
palettetown,venusaur,14,qualitative,TRUE
palettetown,charmander,13,qualitative,TRUE
palettetown,charmeleon,12,qualitative,TRUE
palettetown,charizard,14,qualitative,TRUE
palettetown,squirtle,14,qualitative,TRUE
palettetown,wartortle,13,qualitative,TRUE
palettetown,blastoise,14,qualitative,TRUE
palettetown,caterpie,12,qualitative,TRUE
palettetown,metapod,5,qualitative,TRUE
palettetown,butterfree,13,qualitative,TRUE
palettetown,weedle,11,qualitative,TRUE
palettetown,kakuna,8,qualitative,TRUE
palettetown,beedrill,14,qualitative,TRUE
palettetown,pidgey,12,qualitative,TRUE
palettetown,pidgeotto,13,qualitative,TRUE
palettetown,pidgeot,14,qualitative,TRUE
palettetown,rattata,13,qualitative,TRUE
palettetown,raticate,13,qualitative,TRUE
palettetown,spearow,15,qualitative,TRUE
palettetown,fearow,12,qualitative,TRUE
palettetown,ekans,12,qualitative,TRUE
palettetown,arbok,10,qualitative,TRUE
palettetown,pikachu,10,qualitative,TRUE
palettetown,raichu,14,qualitative,TRUE
palettetown,sandshrew,10,qualitative,TRUE
palettetown,sandslash,13,qualitative,TRUE
palettetown,nidoranf,11,qualitative,TRUE
palettetown,nidorina,13,qualitative,TRUE
palettetown,nidoqueen,13,qualitative,TRUE
palettetown,nidoranm,10,qualitative,TRUE
palettetown,nidorino,12,qualitative,TRUE
palettetown,nidoking,11,qualitative,TRUE
palettetown,clefairy,13,qualitative,TRUE
palettetown,clefable,12,qualitative,TRUE
palettetown,vulpix,13,qualitative,TRUE
palettetown,ninetales,7,qualitative,TRUE
palettetown,jigglypuff,11,qualitative,TRUE
palettetown,wigglytuff,12,qualitative,TRUE
palettetown,zubat,11,qualitative,TRUE
palettetown,golbat,11,qualitative,TRUE
palettetown,oddish,10,qualitative,TRUE
palettetown,gloom,14,qualitative,TRUE
palettetown,vileplume,13,qualitative,TRUE
palettetown,paras,12,qualitative,TRUE
palettetown,parasect,11,qualitative,TRUE
palettetown,venonat,14,qualitative,TRUE
palettetown,venomoth,11,qualitative,TRUE
palettetown,diglett,4,qualitative,TRUE
palettetown,dugtrio,12,qualitative,TRUE
palettetown,meowth,13,qualitative,TRUE
palettetown,persian,12,qualitative,TRUE
palettetown,psyduck,10,qualitative,TRUE
palettetown,golduck,13,qualitative,TRUE
palettetown,mankey,14,qualitative,TRUE
palettetown,primeape,15,qualitative,TRUE
palettetown,growlithe,11,qualitative,TRUE
palettetown,arcanine,14,qualitative,TRUE
palettetown,poliwag,11,qualitative,TRUE
palettetown,poliwhirl,9,qualitative,TRUE
palettetown,poliwrath,9,qualitative,TRUE
palettetown,abra,8,qualitative,TRUE
palettetown,kadabra,14,qualitative,TRUE
palettetown,alakazam,12,qualitative,TRUE
palettetown,machop,13,qualitative,TRUE
palettetown,machoke,13,qualitative,TRUE
palettetown,machamp,13,qualitative,TRUE
palettetown,bellsprout,13,qualitative,TRUE
palettetown,weepinbell,14,qualitative,TRUE
palettetown,victreebel,14,qualitative,TRUE
palettetown,tentacool,14,qualitative,TRUE
palettetown,tentacruel,14,qualitative,TRUE
palettetown,geodude,6,qualitative,TRUE
palettetown,graveler,6,qualitative,TRUE
palettetown,golem,12,qualitative,TRUE
palettetown,ponyta,11,qualitative,TRUE
palettetown,rapidash,11,qualitative,TRUE
palettetown,slowpoke,12,qualitative,TRUE
palettetown,slowbro,13,qualitative,TRUE
palettetown,magnemite,14,qualitative,TRUE
palettetown,magneton,14,qualitative,TRUE
palettetown,farfetchd,14,qualitative,TRUE
palettetown,doduo,9,qualitative,TRUE
palettetown,dodrio,15,qualitative,TRUE
palettetown,seel,11,qualitative,TRUE
palettetown,dewgong,7,qualitative,TRUE
palettetown,grimer,9,qualitative,TRUE
palettetown,muk,8,qualitative,TRUE
palettetown,shellder,9,qualitative,TRUE
palettetown,cloyster,9,qualitative,TRUE
palettetown,gastly,8,qualitative,TRUE
palettetown,haunter,10,qualitative,TRUE
palettetown,gengar,10,qualitative,TRUE
palettetown,onix,6,qualitative,TRUE
palettetown,drowzee,9,qualitative,TRUE
palettetown,hypno,9,qualitative,TRUE
palettetown,krabby,10,qualitative,TRUE
palettetown,kingler,10,qualitative,TRUE
palettetown,voltorb,9,qualitative,TRUE
palettetown,electrode,10,qualitative,TRUE
palettetown,exeggcute,9,qualitative,TRUE
palettetown,exeggutor,14,qualitative,TRUE
palettetown,cubone,13,qualitative,TRUE
palettetown,marowak,14,qualitative,TRUE
palettetown,hitmonlee,12,qualitative,TRUE
palettetown,hitmonchan,13,qualitative,TRUE
palettetown,lickitung,9,qualitative,TRUE
palettetown,koffing,12,qualitative,TRUE
palettetown,weezing,13,qualitative,TRUE
palettetown,rhyhorn,8,qualitative,TRUE
palettetown,rhydon,11,qualitative,TRUE
palettetown,chansey,9,qualitative,TRUE
palettetown,tangela,9,qualitative,TRUE
palettetown,kangaskhan,14,qualitative,TRUE
palettetown,horsea,10,qualitative,TRUE
palettetown,seadra,10,qualitative,TRUE
palettetown,goldeen,11,qualitative,TRUE
palettetown,seaking,12,qualitative,TRUE
palettetown,staryu,12,qualitative,TRUE
palettetown,starmie,12,qualitative,TRUE
palettetown,mr_mime,12,qualitative,TRUE
palettetown,scyther,12,qualitative,TRUE
palettetown,jynx,15,qualitative,TRUE
palettetown,electabuzz,10,qualitative,TRUE
palettetown,magmar,12,qualitative,TRUE
palettetown,pinsir,9,qualitative,TRUE
palettetown,tauros,13,qualitative,TRUE
palettetown,magikarp,13,qualitative,TRUE
palettetown,gyarados,15,qualitative,TRUE
palettetown,lapras,15,qualitative,TRUE
palettetown,ditto,6,qualitative,TRUE
palettetown,eevee,9,qualitative,TRUE
palettetown,vaporeon,15,qualitative,TRUE
palettetown,jolteon,11,qualitative,TRUE
palettetown,flareon,10,qualitative,TRUE
palettetown,porygon,11,qualitative,TRUE
palettetown,omanyte,12,qualitative,TRUE
palettetown,omastar,12,qualitative,TRUE
palettetown,kabuto,11,qualitative,TRUE
palettetown,kabutops,9,qualitative,TRUE
palettetown,aerodactyl,7,qualitative,TRUE
palettetown,snorlax,14,qualitative,TRUE
palettetown,articuno,12,qualitative,TRUE
palettetown,zapdos,10,qualitative,TRUE
palettetown,moltres,14,qualitative,TRUE
palettetown,dratini,9,qualitative,TRUE
palettetown,dragonair,12,qualitative,TRUE
palettetown,dragonite,13,qualitative,TRUE
palettetown,mewtwo,9,qualitative,TRUE
palettetown,mew,6,qualitative,TRUE
palettetown,chikorita,11,qualitative,TRUE
palettetown,bayleef,14,qualitative,TRUE
palettetown,meganium,14,qualitative,TRUE
palettetown,cyndaquil,13,qualitative,TRUE
palettetown,quilava,14,qualitative,TRUE
palettetown,typhlosion,14,qualitative,TRUE
palettetown,totodile,11,qualitative,TRUE
palettetown,croconaw,13,qualitative,TRUE
palettetown,feraligatr,14,qualitative,TRUE
palettetown,sentret,12,qualitative,TRUE
palettetown,furret,11,qualitative,TRUE
palettetown,hoothoot,13,qualitative,TRUE
palettetown,noctowl,13,qualitative,TRUE
palettetown,ledyba,12,qualitative,TRUE
palettetown,ledian,14,qualitative,TRUE
palettetown,spinarak,14,qualitative,TRUE
palettetown,ariados,14,qualitative,TRUE
palettetown,crobat,9,qualitative,TRUE
palettetown,chinchou,13,qualitative,TRUE
palettetown,lanturn,14,qualitative,TRUE
palettetown,pichu,11,qualitative,TRUE
palettetown,cleffa,11,qualitative,TRUE
palettetown,igglybuff,9,qualitative,TRUE
palettetown,togepi,12,qualitative,TRUE
palettetown,togetic,11,qualitative,TRUE
palettetown,natu,14,qualitative,TRUE
palettetown,xatu,15,qualitative,TRUE
palettetown,mareep,14,qualitative,TRUE
palettetown,flaaffy,13,qualitative,TRUE
palettetown,ampharos,12,qualitative,TRUE
palettetown,bellossom,13,qualitative,TRUE
palettetown,marill,10,qualitative,TRUE
palettetown,azumarill,10,qualitative,TRUE
palettetown,sudowoodo,11,qualitative,TRUE
palettetown,politoed,14,qualitative,TRUE
palettetown,hoppip,10,qualitative,TRUE
palettetown,skiploom,11,qualitative,TRUE
palettetown,jumpluff,13,qualitative,TRUE
palettetown,aipom,12,qualitative,TRUE
palettetown,sunkern,13,qualitative,TRUE
palettetown,sunflora,12,qualitative,TRUE
palettetown,yanma,11,qualitative,TRUE
palettetown,wooper,9,qualitative,TRUE
palettetown,quagsire,9,qualitative,TRUE
palettetown,espeon,9,qualitative,TRUE
palettetown,umbreon,10,qualitative,TRUE
palettetown,murkrow,12,qualitative,TRUE
palettetown,slowking,13,qualitative,TRUE
palettetown,misdreavus,13,qualitative,TRUE
palettetown,unown,5,qualitative,TRUE
palettetown,wobbuffet,8,qualitative,TRUE
palettetown,girafarig,13,qualitative,TRUE
palettetown,pineco,5,qualitative,TRUE
palettetown,forretress,10,qualitative,TRUE
palettetown,dunsparce,13,qualitative,TRUE
palettetown,gligar,12,qualitative,TRUE
palettetown,steelix,7,qualitative,TRUE
palettetown,snubbull,12,qualitative,TRUE
palettetown,granbull,11,qualitative,TRUE
palettetown,qwilfish,12,qualitative,TRUE
palettetown,scizor,11,qualitative,TRUE
palettetown,shuckle,12,qualitative,TRUE
palettetown,heracross,11,qualitative,TRUE
palettetown,sneasel,14,qualitative,TRUE
palettetown,teddiursa,12,qualitative,TRUE
palettetown,ursaring,13,qualitative,TRUE
palettetown,slugma,9,qualitative,TRUE
palettetown,magcargo,12,qualitative,TRUE
palettetown,swinub,9,qualitative,TRUE
palettetown,piloswine,12,qualitative,TRUE
palettetown,corsola,9,qualitative,TRUE
palettetown,remoraid,9,qualitative,TRUE
palettetown,octillery,12,qualitative,TRUE
palettetown,delibird,13,qualitative,TRUE
palettetown,mantine,13,qualitative,TRUE
palettetown,skarmory,12,qualitative,TRUE
palettetown,houndour,11,qualitative,TRUE
palettetown,houndoom,12,qualitative,TRUE
palettetown,kingdra,12,qualitative,TRUE
palettetown,phanpy,9,qualitative,TRUE
palettetown,donphan,13,qualitative,TRUE
palettetown,porygon2,12,qualitative,TRUE
palettetown,stantler,12,qualitative,TRUE
palettetown,smeargle,12,qualitative,TRUE
palettetown,tyrogue,12,qualitative,TRUE
palettetown,hitmontop,12,qualitative,TRUE
palettetown,smoochum,12,qualitative,TRUE
palettetown,elekid,9,qualitative,TRUE
palettetown,magby,10,qualitative,TRUE
palettetown,miltank,15,qualitative,TRUE
palettetown,blissey,9,qualitative,TRUE
palettetown,raikou,13,qualitative,TRUE
palettetown,entei,14,qualitative,TRUE
palettetown,suicune,14,qualitative,TRUE
palettetown,larvitar,9,qualitative,TRUE
palettetown,pupitar,9,qualitative,TRUE
palettetown,tyranitar,11,qualitative,TRUE
palettetown,lugia,9,qualitative,TRUE
palettetown,ho_oh,13,qualitative,TRUE
palettetown,celebi,11,qualitative,TRUE
palettetown,treecko,14,qualitative,TRUE
palettetown,grovyle,14,qualitative,TRUE
palettetown,sceptile,13,qualitative,TRUE
palettetown,torchic,12,qualitative,TRUE
palettetown,combusken,14,qualitative,TRUE
palettetown,blaziken,14,qualitative,TRUE
palettetown,mudkip,14,qualitative,TRUE
palettetown,marshtomp,14,qualitative,TRUE
palettetown,swampert,14,qualitative,TRUE
palettetown,poochyena,14,qualitative,TRUE
palettetown,mightyena,11,qualitative,TRUE
palettetown,zigzagoon,14,qualitative,TRUE
palettetown,linoone,11,qualitative,TRUE
palettetown,wurmple,13,qualitative,TRUE
palettetown,silcoon,9,qualitative,TRUE
palettetown,beautifly,13,qualitative,TRUE
palettetown,cascoon,8,qualitative,TRUE
palettetown,dustox,14,qualitative,TRUE
palettetown,lotad,13,qualitative,TRUE
palettetown,lombre,12,qualitative,TRUE
palettetown,ludicolo,15,qualitative,TRUE
palettetown,seedot,11,qualitative,TRUE
palettetown,nuzleaf,14,qualitative,TRUE
palettetown,shiftry,13,qualitative,TRUE
palettetown,taillow,15,qualitative,TRUE
palettetown,swellow,15,qualitative,TRUE
palettetown,wingull,14,qualitative,TRUE
palettetown,pelipper,15,qualitative,TRUE
palettetown,ralts,11,qualitative,TRUE
palettetown,kirlia,13,qualitative,TRUE
palettetown,gardevoir,12,qualitative,TRUE
palettetown,surskit,12,qualitative,TRUE
palettetown,masquerain,14,qualitative,TRUE
palettetown,shroomish,11,qualitative,TRUE
palettetown,breloom,15,qualitative,TRUE
palettetown,slakoth,14,qualitative,TRUE
palettetown,vigoroth,15,qualitative,TRUE
palettetown,slaking,14,qualitative,TRUE
palettetown,nincada,15,qualitative,TRUE
palettetown,ninjask,13,qualitative,TRUE
palettetown,shedinja,10,qualitative,TRUE
palettetown,whismur,12,qualitative,TRUE
palettetown,loudred,14,qualitative,TRUE
palettetown,exploud,15,qualitative,TRUE
palettetown,makuhita,12,qualitative,TRUE
palettetown,hariyama,15,qualitative,TRUE
palettetown,azurill,11,qualitative,TRUE
palettetown,nosepass,11,qualitative,TRUE
palettetown,skitty,11,qualitative,TRUE
palettetown,delcatty,15,qualitative,TRUE
palettetown,sableye,13,qualitative,TRUE
palettetown,mawile,14,qualitative,TRUE
palettetown,aron,9,qualitative,TRUE
palettetown,lairon,12,qualitative,TRUE
palettetown,aggron,12,qualitative,TRUE
palettetown,meditite,13,qualitative,TRUE
palettetown,medicham,13,qualitative,TRUE
palettetown,electrike,10,qualitative,TRUE
palettetown,manectric,13,qualitative,TRUE
palettetown,plusle,10,qualitative,TRUE
palettetown,minun,13,qualitative,TRUE
palettetown,volbeat,15,qualitative,TRUE
palettetown,illumise,15,qualitative,TRUE
palettetown,roselia,15,qualitative,TRUE
palettetown,gulpin,11,qualitative,TRUE
palettetown,swalot,14,qualitative,TRUE
palettetown,carvanha,13,qualitative,TRUE
palettetown,sharpedo,14,qualitative,TRUE
palettetown,wailmer,15,qualitative,TRUE
palettetown,wailord,13,qualitative,TRUE
palettetown,numel,15,qualitative,TRUE
palettetown,camerupt,13,qualitative,TRUE
palettetown,torkoal,12,qualitative,TRUE
palettetown,spoink,13,qualitative,TRUE
palettetown,grumpig,15,qualitative,TRUE
palettetown,spinda,10,qualitative,TRUE
palettetown,trapinch,10,qualitative,TRUE
palettetown,vibrava,14,qualitative,TRUE
palettetown,flygon,15,qualitative,TRUE
palettetown,cacnea,14,qualitative,TRUE
palettetown,cacturne,12,qualitative,TRUE
palettetown,swablu,12,qualitative,TRUE
palettetown,altaria,12,qualitative,TRUE
palettetown,zangoose,15,qualitative,TRUE
palettetown,seviper,14,qualitative,TRUE
palettetown,lunatone,14,qualitative,TRUE
palettetown,solrock,14,qualitative,TRUE
palettetown,barboach,12,qualitative,TRUE
palettetown,whiscash,15,qualitative,TRUE
palettetown,corphish,13,qualitative,TRUE
palettetown,crawdaunt,15,qualitative,TRUE
palettetown,baltoy,7,qualitative,TRUE
palettetown,claydol,12,qualitative,TRUE
palettetown,lileep,12,qualitative,TRUE
palettetown,cradily,12,qualitative,TRUE
palettetown,anorith,14,qualitative,TRUE
palettetown,armaldo,14,qualitative,TRUE
palettetown,feebas,13,qualitative,TRUE
palettetown,milotic,14,qualitative,TRUE
palettetown,castform,9,qualitative,TRUE
palettetown,kecleon,15,qualitative,TRUE
palettetown,shuppet,12,qualitative,TRUE
palettetown,banette,12,qualitative,TRUE
palettetown,duskull,13,qualitative,TRUE
palettetown,dusclops,11,qualitative,TRUE
palettetown,tropius,15,qualitative,TRUE
palettetown,chimecho,13,qualitative,TRUE
palettetown,absol,11,qualitative,TRUE
palettetown,wynaut,11,qualitative,TRUE
palettetown,snorunt,15,qualitative,TRUE
palettetown,glalie,13,qualitative,TRUE
palettetown,spheal,12,qualitative,TRUE
palettetown,sealeo,15,qualitative,TRUE
palettetown,walrein,12,qualitative,TRUE
palettetown,clamperl,14,qualitative,TRUE
palettetown,huntail,14,qualitative,TRUE
palettetown,gorebyss,12,qualitative,TRUE
palettetown,relicanth,13,qualitative,TRUE
palettetown,luvdisc,9,qualitative,TRUE
palettetown,bagon,11,qualitative,TRUE
palettetown,shelgon,12,qualitative,TRUE
palettetown,salamence,13,qualitative,TRUE
palettetown,beldum,10,qualitative,TRUE
palettetown,metang,13,qualitative,TRUE
palettetown,metagross,13,qualitative,TRUE
palettetown,regirock,13,qualitative,TRUE
palettetown,regice,10,qualitative,TRUE
palettetown,registeel,13,qualitative,TRUE
palettetown,latias,14,qualitative,TRUE
palettetown,latios,14,qualitative,TRUE
palettetown,kyogre,14,qualitative,TRUE
palettetown,groudon,14,qualitative,TRUE
palettetown,rayquaza,12,qualitative,TRUE
palettetown,jirachi,12,qualitative,TRUE
palettetown,deoxys,14,qualitative,TRUE
palettetown,teamrocket,6,qualitative,TRUE
palettetown,starterspairs,6,qualitative,TRUE
palettetown,startersDark,6,qualitative,TRUE
pals,alphabet,26,qualitative,FALSE
pals,alphabet2,26,qualitative,FALSE
pals,glasbey,32,qualitative,FALSE
pals,kelly,22,qualitative,FALSE
pals,polychrome,36,qualitative,FALSE
pals,stepped,24,qualitative,FALSE
pals,tol,12,qualitative,FALSE
pals,watlington,16,qualitative,FALSE
Polychrome,alphabet,26,qualitative,FALSE
Polychrome,dark,24,qualitative,FALSE
Polychrome,glasbey,32,qualitative,FALSE
Polychrome,green_armytage,26,qualitative,FALSE
Polychrome,kelly,22,qualitative,FALSE
Polychrome,light,24,qualitative,FALSE
Polychrome,palette36,36,qualitative,FALSE
Polychrome,sky,24,qualitative,FALSE
severance,Dinner,5,qualitative,TRUE
severance,Half,5,qualitative,TRUE
severance,Hell,6,qualitative,TRUE
severance,HideAndSeek,6,qualitative,TRUE
severance,Jazz01,5,qualitative,TRUE
severance,Jazz02,6,qualitative,TRUE
severance,TheYouYouAre,5,qualitative,TRUE
Manu,Hihi,5,qualitative,TRUE
Manu,Hoiho,6,qualitative,TRUE
Manu,Kaka,5,qualitative,TRUE
Manu,Kakapo,6,qualitative,TRUE
Manu,Kakariki,5,qualitative,TRUE
Manu,Kea,7,qualitative,TRUE
Manu,Kereru,6,qualitative,TRUE
Manu,Kereru_orig,5,qualitative,TRUE
Manu,Korimako,6,qualitative,TRUE
Manu,Korora,5,qualitative,TRUE
Manu,Kotare,6,qualitative,TRUE
Manu,Putangitangi,6,qualitative,TRUE
Manu,Takahe,5,qualitative,TRUE
Manu,Takapu,5,qualitative,TRUE
Manu,Titipounamu,6,qualitative,TRUE
Manu,Tui,6,qualitative,TRUE
Manu,Pepetuna,5,qualitative,TRUE
Manu,Pohutukawa,6,qualitative,TRUE
Manu,Gloomy_Nudi,5,qualitative,TRUE
Manu,Kiwi,6,qualitative,TRUE
Manu,Kokako,5,qualitative,TRUE
MapPalettes,green_machine,5,sequential,FALSE
MapPalettes,bruiser,5,sequential,FALSE
MapPalettes,tealberry_pie,5,divergent,FALSE
MapPalettes,the_joker,5,divergent,FALSE
MapPalettes,sunset,5,divergent,FALSE
MapPalettes,irish_flag,5,divergent,FALSE
miscpalettes,dreaming,8,qualitative,TRUE
miscpalettes,jojo,8,qualitative,TRUE
miscpalettes,beach,8,qualitative,TRUE
miscpalettes,waterfall,8,qualitative,TRUE
miscpalettes,sunset,8,qualitative,TRUE
miscpalettes,bright,16,qualitative,TRUE
miscpalettes,grayscale,16,sequential,TRUE
miscpalettes,excel,16,qualitative,TRUE
miscpalettes,light,10,qualitative,TRUE
miscpalettes,pastel,16,qualitative,TRUE
miscpalettes,earthTones,16,qualitative,TRUE
miscpalettes,semiTransparent,16,qualitative,TRUE
miscpalettes,berry,11,qualitative,TRUE
miscpalettes,chocolate,10,qualitative,TRUE
miscpalettes,fire,10,qualitative,TRUE
miscpalettes,seaGreen,10,qualitative,TRUE
miscpalettes,brightPastel,15,qualitative,TRUE
MoMAColors,Abbott,8,qualitative,TRUE
MoMAColors,Alkalay1,5,sequential,TRUE
MoMAColors,Alkalay2,8,sequential,TRUE
MoMAColors,Althoff,5,sequential,TRUE
MoMAColors,Andri,4,qualitative,TRUE
MoMAColors,Avedon,11,divergent,TRUE
MoMAColors,Budnitz,5,qualitative,TRUE
MoMAColors,Clay,6,qualitative,TRUE
MoMAColors,Connors,5,qualitative,TRUE
MoMAColors,Dali,9,qualitative,TRUE
MoMAColors,Doughton,10,divergent,TRUE
MoMAColors,Ernst,8,sequential,TRUE
MoMAColors,Exter,10,sequential,TRUE
MoMAColors,Flash,8,sequential,TRUE
MoMAColors,Fritsch,4,qualitative,TRUE
MoMAColors,Kippenberger,11,divergent,TRUE
MoMAColors,Klein,11,qualitative,TRUE
MoMAColors,Koons,5,qualitative,TRUE
MoMAColors,Levine1,8,qualitative,TRUE
MoMAColors,Levine2,7,qualitative,TRUE
MoMAColors,Liu,6,qualitative,TRUE
MoMAColors,Lupi,8,qualitative,TRUE
MoMAColors,Ohchi,5,qualitative,TRUE
MoMAColors,OKeeffe,6,qualitative,TRUE
MoMAColors,Palermo,4,qualitative,TRUE
MoMAColors,Panton,7,qualitative,TRUE
MoMAColors,Picabia,11,divergent,TRUE
MoMAColors,Picasso,6,qualitative,TRUE
MoMAColors,Rattner,8,qualitative,TRUE
MoMAColors,Sidhu,7,qualitative,TRUE
MoMAColors,Smith,5,qualitative,TRUE
MoMAColors,ustwo,6,qualitative,TRUE
MoMAColors,VanGogh,7,qualitative,TRUE
MoMAColors,vonHeyl,5,qualitative,TRUE
MoMAColors,Warhol,15,qualitative,TRUE
peRReo,aventura,9,qualitative,TRUE
peRReo,badbunny1,9,qualitative,TRUE
peRReo,badbunny2,9,qualitative,TRUE
peRReo,badgyal,9,qualitative,TRUE
peRReo,beckyg,9,qualitative,TRUE
peRReo,buenavista,9,qualitative,TRUE
peRReo,calle13,9,qualitative,TRUE
peRReo,daddy1,9,qualitative,TRUE
peRReo,daddy2,9,qualitative,TRUE
peRReo,don,9,qualitative,TRUE
peRReo,eminem,9,qualitative,TRUE
peRReo,ivyqueen,9,qualitative,TRUE
peRReo,karolg,9,qualitative,TRUE
peRReo,natti,9,qualitative,TRUE
peRReo,nicky,9,qualitative,TRUE
peRReo,ozuna,9,qualitative,TRUE
peRReo,planb,9,qualitative,TRUE
peRReo,rauw,9,qualitative,TRUE
peRReo,rosalia,9,qualitative,TRUE
peRReo,shakira,9,qualitative,TRUE
peRReo,wyy,9,qualitative,TRUE
palettesForR,Android,15,qualitative,TRUE
palettesForR,Bears,256,qualitative,TRUE
palettesForR,Bgold,256,qualitative,TRUE
palettesForR,Blues,256,qualitative,TRUE
palettesForR,Borders,256,qualitative,TRUE
palettesForR,Browns,22,qualitative,TRUE
palettesForR,Caramel,256,qualitative,TRUE
palettesForR,Cascade,256,qualitative,TRUE
palettesForR,China,256,qualitative,TRUE
palettesForR,Coldfire,256,qualitative,TRUE
palettesForR,Cool,8,qualitative,TRUE
palettesForR,Cranes,256,qualitative,TRUE
palettesForR,Dark,256,qualitative,TRUE
palettesForR,Default,23,qualitative,TRUE
palettesForR,Echo,27,qualitative,TRUE
palettesForR,Ega,240,qualitative,TRUE
palettesForR,Firecode,256,sequential,TRUE
palettesForR,Gold,102,sequential,TRUE
palettesForR,Gray,256,sequential,TRUE
palettesForR,Grayblue,256,divergent,TRUE
palettesForR,Grays,31,sequential,TRUE
palettesForR,GrayViolet,256,divergent,TRUE
palettesForR,Greens,256,qualitative,TRUE
palettesForR,Hilite,170,qualitative,TRUE
palettesForR,Inkscape,431,qualitative,TRUE
palettesForR,Khaki,156,qualitative,TRUE
palettesForR,LaTeX,136,qualitative,TRUE
palettesForR,Lights,25,qualitative,TRUE
palettesForR,MATLAB,73,qualitative,TRUE
palettesForR,Muted,78,qualitative,TRUE
palettesForR,Named,448,qualitative,TRUE
palettesForR,News3,256,qualitative,TRUE
palettesForR,Op2,256,qualitative,TRUE
palettesForR,Paintjet,16,qualitative,TRUE
palettesForR,Pastels,18,qualitative,TRUE
palettesForR,Plasma,256,qualitative,TRUE
palettesForR,Reds,177,qualitative,TRUE
palettesForR,Royal,222,qualitative,TRUE
palettesForR,SVG,139,qualitative,TRUE
palettesForR,Tango,29,qualitative,TRUE
palettesForR,Topographic,191,qualitative,TRUE
palettesForR,Visibone,336,qualitative,TRUE
palettesForR,Volcano,256,qualitative,TRUE
palettesForR,Warm,7,qualitative,TRUE
palettesForR,Web,216,qualitative,TRUE
palettesForR,WebHex,216,qualitative,TRUE
palettesForR,WebSafe22,22,qualitative,TRUE
palettesForR,Windows,31,qualitative,TRUE
PNWColors,Starfish,7,sequential,TRUE
PNWColors,Shuksan,8,sequential,TRUE
PNWColors,Bay,5,qualitative,TRUE
PNWColors,Winter,5,sequential,TRUE
PNWColors,Lake,8,sequential,TRUE
PNWColors,Sunset,7,sequential,TRUE
PNWColors,Shuksan2,5,divergent,TRUE
PNWColors,Cascades,6,qualitative,TRUE
PNWColors,Sailboat,6,qualitative,TRUE
PNWColors,Moth,5,qualitative,TRUE
PNWColors,Spring,6,divergent,TRUE
PNWColors,Mushroom,6,sequential,TRUE
PNWColors,Sunset2,5,sequential,TRUE
PNWColors,Anemone,7,divergent,TRUE
PrettyCols,Blues,5,sequential,FALSE
PrettyCols,Purples,5,sequential,FALSE
PrettyCols,Tangerines,5,sequential,FALSE
PrettyCols,Greens,5,sequential,FALSE
PrettyCols,Pinks,5,sequential,FALSE
PrettyCols,Teals,5,sequential,FALSE
PrettyCols,Yellows,5,sequential,FALSE
PrettyCols,Reds,5,sequential,FALSE
PrettyCols,PurpleGreens,9,divergent,FALSE
PrettyCols,PinkGreens,9,divergent,FALSE
PrettyCols,TangerineBlues,9,divergent,FALSE
PrettyCols,PurpleTangerines,9,divergent,FALSE
PrettyCols,PurplePinks,9,divergent,FALSE
PrettyCols,TealGreens,9,divergent,FALSE
PrettyCols,PurpleYellows,9,divergent,FALSE
PrettyCols,RedBlues,9,divergent,FALSE
PrettyCols,Bold,5,qualitative,FALSE
PrettyCols,Dark,5,qualitative,FALSE
PrettyCols,Light,5,qualitative,FALSE
PrettyCols,Neon,6,qualitative,FALSE
PrettyCols,Summer,12,qualitative,FALSE
PrettyCols,Autumn,12,qualitative,FALSE
PrettyCols,Winter,12,qualitative,FALSE
PrettyCols,Rainbow,12,qualitative,FALSE
PrettyCols,Beach,5,qualitative,FALSE
PrettyCols,Fun,5,qualitative,FALSE
PrettyCols,Sea,5,qualitative,FALSE
PrettyCols,Bright,5,qualitative,FALSE
PrettyCols,Relax,5,qualitative,FALSE
PrettyCols,Lucent,5,qualitative,FALSE
PrettyCols,Lively,5,qualitative,FALSE
PrettyCols,Joyful,5,qualitative,FALSE
PrettyCols,Roses,7,sequential,FALSE
PrettyCols,Greys,7,sequential,FALSE
PrettyCols,Aubergines,7,sequential,FALSE
PrettyCols,Browns,7,sequential,FALSE
PrettyCols,Coast,5,qualitative,FALSE
PrettyCols,Ocean,5,qualitative,FALSE
PrettyCols,Peppers,5,qualitative,FALSE
PrettyCols,Disco,5,qualitative,FALSE
PrettyCols,Prism,5,qualitative,FALSE
PrettyCols,Oasis,6,qualitative,FALSE
PrettyCols,Celestial,6,qualitative,FALSE
PrettyCols,Aurora,6,qualitative,FALSE
PrettyCols,Spring,12,qualitative,FALSE
PrettyCols,Velvet,12,qualitative,FALSE
rcartocolor,ag_Sunset,7,sequential,FALSE
rcartocolor,ag_GrnYl,7,sequential,FALSE
rcartocolor,Tropic,7,divergent,FALSE
rcartocolor,Temps,7,divergent,FALSE
rcartocolor,TealRose,7,divergent,FALSE
rcartocolor,Geyser,7,divergent,FALSE
rcartocolor,Fall,7,divergent,FALSE
rcartocolor,Earth,7,divergent,FALSE
rcartocolor,ArmyRose,7,divergent,FALSE
rcartocolor,Vivid,12,qualitative,FALSE
rcartocolor,Safe,12,qualitative,FALSE
rcartocolor,Prism,12,qualitative,FALSE
rcartocolor,Pastel,12,qualitative,FALSE
rcartocolor,Bold,12,qualitative,FALSE
rcartocolor,Antique,12,qualitative,FALSE
rcartocolor,TealGrn,7,sequential,FALSE
rcartocolor,Teal,7,sequential,FALSE
rcartocolor,SunsetDark,7,sequential,FALSE
rcartocolor,Sunset,7,sequential,FALSE
rcartocolor,RedOr,7,sequential,FALSE
rcartocolor,PurpOr,7,sequential,FALSE
rcartocolor,Purp,7,sequential,FALSE
rcartocolor,PinkYl,7,sequential,FALSE
rcartocolor,Peach,7,sequential,FALSE
rcartocolor,OrYel,7,sequential,FALSE
rcartocolor,Mint,7,sequential,FALSE
rcartocolor,Magenta,7,sequential,FALSE
rcartocolor,Emrld,7,sequential,FALSE
rcartocolor,DarkMint,7,sequential,FALSE
rcartocolor,BurgYl,7,sequential,FALSE
rcartocolor,Burg,7,sequential,FALSE
rcartocolor,BrwnYl,7,sequential,FALSE
rcartocolor,BluYl,7,sequential,FALSE
rcartocolor,BluGrn,7,sequential,FALSE
RColorBrewer,BrBG,11,divergent,FALSE
RColorBrewer,PiYG,11,divergent,FALSE
RColorBrewer,PRGn,11,divergent,FALSE
RColorBrewer,PuOr,11,divergent,FALSE
RColorBrewer,RdBu,11,divergent,FALSE
RColorBrewer,RdGy,11,divergent,FALSE
RColorBrewer,RdYlBu,11,divergent,FALSE
RColorBrewer,RdYlGn,11,divergent,FALSE
RColorBrewer,Spectral,11,sequential,FALSE
RColorBrewer,Accent,8,qualitative,FALSE
RColorBrewer,Dark2,8,qualitative,FALSE
RColorBrewer,Paired,12,qualitative,FALSE
RColorBrewer,Pastel1,9,qualitative,FALSE
RColorBrewer,Pastel2,8,qualitative,FALSE
RColorBrewer,Set1,9,qualitative,FALSE
RColorBrewer,Set2,8,qualitative,FALSE
RColorBrewer,Set3,12,qualitative,FALSE
RColorBrewer,Blues,9,sequential,FALSE
RColorBrewer,BuGn,9,sequential,FALSE
RColorBrewer,BuPu,9,sequential,FALSE
RColorBrewer,GnBu,9,sequential,FALSE
RColorBrewer,Greens,9,sequential,FALSE
RColorBrewer,Greys,9,sequential,FALSE
RColorBrewer,Oranges,9,sequential,FALSE
RColorBrewer,OrRd,9,sequential,FALSE
RColorBrewer,PuBu,9,sequential,FALSE
RColorBrewer,PuBuGn,9,sequential,FALSE
RColorBrewer,PuRd,9,sequential,FALSE
RColorBrewer,Purples,9,sequential,FALSE
RColorBrewer,RdPu,9,sequential,FALSE
RColorBrewer,Reds,9,sequential,FALSE
RColorBrewer,YlGn,9,sequential,FALSE
RColorBrewer,YlGnBu,9,sequential,FALSE
RColorBrewer,YlOrBr,9,sequential,FALSE
RColorBrewer,YlOrRd,9,sequential,FALSE
Redmonder,dPBIYlBu,11,divergent,TRUE
Redmonder,dPBIYlPu,11,divergent,TRUE
Redmonder,dPBIPuGn,11,divergent,TRUE
Redmonder,dPBIPuOr,11,divergent,TRUE
Redmonder,dPBIRdBu,11,divergent,TRUE
Redmonder,dPBIRdGy,11,divergent,TRUE
Redmonder,dPBIRdGn,11,divergent,TRUE
Redmonder,qMSOStd,10,qualitative,TRUE
Redmonder,qMSO12,8,qualitative,TRUE
Redmonder,qMSO15,8,qualitative,TRUE
Redmonder,qMSOBuWarm,8,qualitative,TRUE
Redmonder,qMSOBu,8,qualitative,TRUE
Redmonder,qMSOBu2,8,qualitative,TRUE
Redmonder,qMSOBuGn,8,qualitative,TRUE
Redmonder,qMSOGn,8,qualitative,TRUE
Redmonder,qMSOGnYl,8,qualitative,TRUE
Redmonder,qMSOYl,8,qualitative,TRUE
Redmonder,qMSOYlOr,8,qualitative,TRUE
Redmonder,qMSOOr,8,qualitative,TRUE
Redmonder,qMSOOrRd,8,qualitative,TRUE
Redmonder,qMSORdOr,8,qualitative,TRUE
Redmonder,qMSORd,8,qualitative,TRUE
Redmonder,qMSORdPu,8,qualitative,TRUE
Redmonder,qMSOPu,8,qualitative,TRUE
Redmonder,qMSOPu2,8,qualitative,TRUE
Redmonder,qMSOMed,8,qualitative,TRUE
Redmonder,qMSOPap,8,qualitative,TRUE
Redmonder,qMSOMrq,8,qualitative,TRUE
Redmonder,qMSOSlp,8,qualitative,TRUE
Redmonder,qMSOAsp,8,qualitative,TRUE
Redmonder,qPBI,8,qualitative,TRUE
Redmonder,sPBIGn,9,sequential,TRUE
Redmonder,sPBIGy1,9,sequential,TRUE
Redmonder,sPBIRd,9,sequential,TRUE
Redmonder,sPBIYl,9,sequential,TRUE
Redmonder,sPBIGy2,9,sequential,TRUE
Redmonder,sPBIBu,9,sequential,TRUE
Redmonder,sPBIOr,9,sequential,TRUE
Redmonder,sPBIPu,9,sequential,TRUE
Redmonder,sPBIYlGn,9,sequential,TRUE
Redmonder,sPBIRdPu,9,sequential,TRUE
rockthemes,alice,4,qualitative,TRUE
rockthemes,californication,4,qualitative,TRUE
rockthemes,coltrane,4,qualitative,TRUE
rockthemes,deelite,4,qualitative,TRUE
rockthemes,electric,4,qualitative,TRUE
rockthemes,facelift,4,qualitative,TRUE
rockthemes,faithnomore,4,qualitative,TRUE
rockthemes,harvey,4,qualitative,TRUE
rockthemes,heep,4,qualitative,TRUE
rockthemes,hellawaits,4,qualitative,TRUE
rockthemes,husker,4,qualitative,TRUE
rockthemes,janelle,4,qualitative,TRUE
rockthemes,melloncollie,4,qualitative,TRUE
rockthemes,miles,4,qualitative,TRUE
rockthemes,muse,4,qualitative,TRUE
rockthemes,nodoubt,4,qualitative,TRUE
rockthemes,peacesells,4,qualitative,TRUE
rockthemes,secondlaw,4,qualitative,TRUE
rockthemes,siamesedream,4,qualitative,TRUE
rockthemes,swift,4,qualitative,TRUE
rockthemes,zeppelin,4,qualitative,TRUE
RSkittleBrewer,original,5,qualitative,TRUE
RSkittleBrewer,tropical,5,qualitative,TRUE
RSkittleBrewer,wildberry,5,qualitative,TRUE
RSkittleBrewer,M_M,6,qualitative,TRUE
RSkittleBrewer,smarties,8,qualitative,TRUE
rtist,raphael,5,qualitative,TRUE
rtist,hokusai,5,qualitative,TRUE
rtist,vermeer,5,qualitative,TRUE
rtist,degas,5,qualitative,TRUE
rtist,davinci,5,qualitative,TRUE
rtist,vangogh,5,qualitative,TRUE
rtist,hopper,5,qualitative,TRUE
rtist,klimt,5,qualitative,TRUE
rtist,rembrandt,5,qualitative,TRUE
rtist,munch,5,qualitative,TRUE
rtist,warhol,5,qualitative,TRUE
rtist,okeeffe,5,qualitative,TRUE
rtist,oldenburg,5,qualitative,TRUE
rtist,picasso,5,qualitative,TRUE
rtist,pollock,5,qualitative,TRUE
soilpalettes,alaquod,5,qualitative,TRUE
soilpalettes,bangor,5,qualitative,TRUE
soilpalettes,durorthod,5,sequential,TRUE
soilpalettes,paleustalf,5,qualitative,TRUE
soilpalettes,rendoll,5,qualitative,TRUE
soilpalettes,redox,5,qualitative,TRUE
soilpalettes,podzol,5,sequential,TRUE
soilpalettes,eutrostox,5,sequential,TRUE
soilpalettes,pywell,5,qualitative,TRUE
soilpalettes,natrudoll,5,sequential,TRUE
soilpalettes,vitrixerand,5,sequential,TRUE
soilpalettes,crait,5,sequential,TRUE
soilpalettes,gley,5,sequential,TRUE
soilpalettes,redox2,5,qualitative,TRUE
suffrager,london,4,qualitative,TRUE
suffrager,oxon,5,qualitative,TRUE
suffrager,CarolMan,4,qualitative,TRUE
suffrager,hanwell,5,qualitative,TRUE
suffrager,chelsea,5,qualitative,TRUE
suffrager,classic,2,qualitative,TRUE
tayloRswift,taylorSwift,6,qualitative,TRUE
tayloRswift,fearless,5,qualitative,TRUE
tayloRswift,speakNow,5,qualitative,TRUE
tayloRswift,speakNowLive,5,qualitative,TRUE
tayloRswift,taylorRed,5,qualitative,TRUE
tayloRswift,taylor1989,6,qualitative,TRUE
tayloRswift,reputation,6,qualitative,TRUE
tayloRswift,lover,6,qualitative,TRUE
tayloRswift,folklore,4,sequential,TRUE
tayloRswift,evermore,5,qualitative,TRUE
tayloRswift,Red,5,qualitative,TRUE
tayloRswift,midnights,5,qualitative,TRUE
tayloRswift,midnightsBloodMoon,5,qualitative,TRUE
tayloRswift,midnightsJadeGreen,6,qualitative,TRUE
tayloRswift,midnightsMahogany,5,qualitative,TRUE
tayloRswift,fearlessTV,5,qualitative,TRUE
tayloRswift,speakNowTV,6,qualitative,TRUE
tayloRswift,TS1989,6,qualitative,TRUE
tayloRswift,SunriseBoulevard1989,6,qualitative,TRUE
tayloRswift,AquamarineGreen1989,6,qualitative,TRUE
tayloRswift,RoseGardenPink1989,6,qualitative,TRUE
tayloRswift,TSTTPD,6,qualitative,TRUE
tayloRswift,TLOAS,10,qualitative,TRUE
tidyquant,tq_light,12,qualitative,FALSE
tidyquant,tq_dark,12,qualitative,FALSE
tidyquant,tq_green,12,qualitative,FALSE
trekcolors,andorian,9,sequential,TRUE
trekcolors,bajoran,6,qualitative,TRUE
trekcolors,borg,9,sequential,TRUE
trekcolors,breen,8,qualitative,TRUE
trekcolors,breen2,9,sequential,TRUE
trekcolors,dominion,7,qualitative,TRUE
trekcolors,enara,9,sequential,TRUE
trekcolors,enara2,4,qualitative,TRUE
trekcolors,ferengi,9,divergent,TRUE
trekcolors,gorn,9,qualitative,TRUE
trekcolors,iconian,9,sequential,TRUE
trekcolors,klingon,9,sequential,TRUE
trekcolors,lcars_series,31,qualitative,TRUE
trekcolors,lcars_2357,9,qualitative,TRUE
trekcolors,lcars_2369,8,qualitative,TRUE
trekcolors,lcars_2375,8,qualitative,TRUE
trekcolors,lcars_2379,8,qualitative,TRUE
trekcolors,lcars_alt,17,qualitative,TRUE
trekcolors,lcars_first_contact,8,qualitative,TRUE
trekcolors,lcars_nemesis,10,qualitative,TRUE
trekcolors,lcars_nx01,6,qualitative,TRUE
trekcolors,lcars_29c,8,qualitative,TRUE
trekcolors,lcars_23c,7,qualitative,TRUE
trekcolors,lcars_red_alert,8,qualitative,TRUE
trekcolors,lcars_cardassian,21,qualitative,TRUE
trekcolors,romulan,9,divergent,TRUE
trekcolors,romulan2,9,divergent,TRUE
trekcolors,starfleet,3,qualitative,TRUE
trekcolors,starfleet2,6,qualitative,TRUE
trekcolors,tholian,9,divergent,TRUE
trekcolors,terran,9,sequential,TRUE
trekcolors,ufp,9,sequential,TRUE
trekcolors,red_alert,6,qualitative,TRUE
trekcolors,yellow_alert,6,qualitative,TRUE
trekcolors,black_alert,5,qualitative,TRUE
tvthemes,attackOnTitan,8,qualitative,TRUE
tvthemes,FireNation,8,qualitative,TRUE
tvthemes,AirNomads,7,qualitative,TRUE
tvthemes,EarthKingdom,9,qualitative,TRUE
tvthemes,WaterTribe,8,qualitative,TRUE
tvthemes,bigHero6,8,qualitative,TRUE
tvthemes,Regular,10,qualitative,TRUE
tvthemes,Dark,9,qualitative,TRUE
tvthemes,gravityFalls,14,qualitative,TRUE
tvthemes,Day,8,qualitative,TRUE
tvthemes,Dusk,8,qualitative,TRUE
tvthemes,Night,8,qualitative,TRUE
tvthemes,kimPossible,12,qualitative,TRUE
tvthemes,parksAndRec,10,qualitative,TRUE
tvthemes,rickAndMorty,9,qualitative,TRUE
tvthemes,simpsons,10,qualitative,TRUE
tvthemes,spongeBob,9,qualitative,TRUE
tvthemes,Stark,9,qualitative,TRUE
tvthemes,Stannis,7,qualitative,TRUE
tvthemes,Lannister,6,qualitative,TRUE
tvthemes,Tyrell,9,qualitative,TRUE
tvthemes,Targaryen,5,qualitative,TRUE
tvthemes,Martell,8,qualitative,TRUE
tvthemes,Tully,6,qualitative,TRUE
tvthemes,Greyjoy,6,qualitative,TRUE
tvthemes,Manderly,7,qualitative,TRUE
tvthemes,Arryn,7,qualitative,TRUE
tvthemes,Steven,8,qualitative,TRUE
tvthemes,Garnet,9,qualitative,TRUE
tvthemes,Amethyst,6,qualitative,TRUE
tvthemes,Pearl,6,qualitative,TRUE
tvthemes,RoseQuartz,7,qualitative,TRUE
tvthemes,Peridot,7,qualitative,TRUE
tvthemes,LapisLazuli,7,qualitative,TRUE
tvthemes,Diamonds,9,qualitative,TRUE
tvthemes,Jasper,6,qualitative,TRUE
tvthemes,Topaz,6,qualitative,TRUE
tvthemes,Spinel,6,qualitative,TRUE
tvthemes,Bismuth,8,qualitative,TRUE
tvthemes,Ruby,6,qualitative,TRUE
tvthemes,Sapphire,7,qualitative,TRUE
tvthemes,Emerald,7,qualitative,TRUE
tvthemes,Nephrite,7,qualitative,TRUE
tvthemes,Aquamarine,7,qualitative,TRUE
tvthemes,Padparadscha,6,qualitative,TRUE
tvthemes,Rutile,5,qualitative,TRUE
tvthemes,Rhodonite,8,qualitative,TRUE
tvthemes,Flourite,8,qualitative,TRUE
tvthemes,MegaPearl,9,qualitative,TRUE
tvthemes,Sugilite,6,qualitative,TRUE
tvthemes,CrazyLaceAgate,7,qualitative,TRUE
tvthemes,Sardonyx,8,qualitative,TRUE
tvthemes,Alexandrite,8,qualitative,TRUE
tvthemes,SmokyQuartz,6,qualitative,TRUE
tvthemes,BluebirdAzurite,5,qualitative,TRUE
tvthemes,Sunstone,9,qualitative,TRUE
tvthemes,Opal,7,qualitative,TRUE
tvthemes,CrystalGems,12,qualitative,TRUE
unikn,pal_unikn,11,divergent,TRUE
unikn,pal_unikn_web,10,divergent,TRUE
unikn,pal_unikn_ppt,10,divergent,TRUE
unikn,pal_unikn_light,10,qualitative,TRUE
unikn,pal_unikn_dark,10,qualitative,TRUE
unikn,pal_unikn_pair,16,qualitative,TRUE
unikn,pal_unikn_pref,9,qualitative,TRUE
unikn,pal_seeblau,5,sequential,TRUE
unikn,pal_peach,5,sequential,TRUE
unikn,pal_grau,5,sequential,TRUE
unikn,pal_petrol,5,sequential,TRUE
unikn,pal_seegruen,5,sequential,TRUE
unikn,pal_karpfenblau,5,sequential,TRUE
unikn,pal_pinky,5,sequential,TRUE
unikn,pal_bordeaux,5,sequential,TRUE
unikn,pal_signal,3,qualitative,TRUE
vangogh,StarryNight,5,qualitative,TRUE
vangogh,StarryRhone,5,qualitative,TRUE
vangogh,SelfPortrait,5,qualitative,TRUE
vangogh,CafeTerrace,5,qualitative,TRUE
vangogh,Eglise,5,qualitative,TRUE
vangogh,Irises,5,qualitative,TRUE
vangogh,SunflowersMunich,5,qualitative,TRUE
vangogh,SunflowersLondon,5,qualitative,TRUE
vangogh,Rest,5,qualitative,TRUE
vangogh,Bedroom,5,qualitative,TRUE
vangogh,CafeDeNuit,5,qualitative,TRUE
vangogh,Chaise,5,qualitative,TRUE
vangogh,Shoes,5,qualitative,TRUE
vangogh,Landscape,5,qualitative,TRUE
vangogh,Cypresses,5,qualitative,TRUE
vapeplot,vaporwave,14,qualitative,TRUE
vapeplot,cool,5,qualitative,TRUE
vapeplot,crystal_pepsi,4,qualitative,TRUE
vapeplot,mallsoft,6,qualitative,TRUE
vapeplot,jazzcup,5,qualitative,TRUE
vapeplot,sunset,5,qualitative,TRUE
vapeplot,macplus,6,qualitative,TRUE
vapeplot,seapunk,5,qualitative,TRUE
vapoRwave,avanti,5,qualitative,TRUE
vapoRwave,cool,5,sequential,TRUE
vapoRwave,crystalPepsi,4,sequential,TRUE
vapoRwave,floralShoppe,8,qualitative,TRUE
vapoRwave,hotlineBling,8,qualitative,TRUE
vapoRwave,hyperBubble,7,qualitative,TRUE
vapoRwave,jazzCup,5,qualitative,TRUE
vapoRwave,jwz,8,qualitative,TRUE
vapoRwave,macPlus,6,divergent,TRUE
vapoRwave,mallSoft,6,qualitative,TRUE
vapoRwave,newRetro,9,qualitative,TRUE
vapoRwave,seaPunk,5,qualitative,TRUE
vapoRwave,sunSet,5,qualitative,TRUE
vapoRwave,vapoRwave,11,qualitative,TRUE
waRhol,skull_77,5,qualitative,TRUE
waRhol,skull_76_1,4,qualitative,TRUE
waRhol,skull_76_2,4,qualitative,TRUE
waRhol,skull_86,4,qualitative,TRUE
waRhol,marilyn_orange_62,6,qualitative,TRUE
waRhol,marilyn_green_62,6,qualitative,TRUE
waRhol,marilyn_67,4,qualitative,TRUE
waRhol,camo_87_1,4,qualitative,TRUE
waRhol,camo_87_2,4,qualitative,TRUE
waRhol,camo_87_3,4,qualitative,TRUE
waRhol,camo_87_4,4,qualitative,TRUE
waRhol,camo_87_5,4,qualitative,TRUE
waRhol,bighorn_ram_83,5,qualitative,TRUE
waRhol,basquiat_85,6,qualitative,TRUE
waRhol,the_big_c_86,4,qualitative,TRUE
werpals,cinderella,5,qualitative,TRUE
werpals,monet,6,sequential,TRUE
werpals,small_world,6,qualitative,TRUE
werpals,alice,6,qualitative,TRUE
werpals,pan,6,qualitative,TRUE
werpals,when_i_was_your_age,6,qualitative,TRUE
werpals,firefly,7,qualitative,TRUE
werpals,uyuni,10,qualitative,TRUE
werpals,okavango,10,qualitative,TRUE
werpals,lakelouise,10,qualitative,TRUE
werpals,provence,10,qualitative,TRUE
werpals,halong,10,qualitative,TRUE
werpals,vatnajokull,10,qualitative,TRUE
werpals,arashiyama,10,qualitative,TRUE
werpals,mountcook,10,qualitative,TRUE
werpals,benagil,10,qualitative,TRUE
werpals,bryce,10,qualitative,TRUE
werpals,jozi,10,qualitative,TRUE
wesanderson,BottleRocket1,7,qualitative,TRUE
wesanderson,BottleRocket2,5,qualitative,TRUE
wesanderson,Rushmore1,5,qualitative,TRUE
wesanderson,Rushmore,5,qualitative,TRUE
wesanderson,Royal1,4,qualitative,TRUE
wesanderson,Royal2,5,qualitative,TRUE
wesanderson,Zissou1,5,qualitative,TRUE
wesanderson,Darjeeling1,5,qualitative,TRUE
wesanderson,Darjeeling2,5,qualitative,TRUE
wesanderson,Chevalier1,4,qualitative,TRUE
wesanderson,FantasticFox1,5,qualitative,TRUE
wesanderson,Moonrise1,4,qualitative,TRUE
wesanderson,Moonrise2,4,qualitative,TRUE
wesanderson,Moonrise3,5,qualitative,TRUE
wesanderson,Cavalcanti1,5,qualitative,TRUE
wesanderson,GrandBudapest1,4,qualitative,TRUE
wesanderson,GrandBudapest2,4,qualitative,TRUE
wesanderson,IsleofDogs1,6,qualitative,TRUE
wesanderson,IsleofDogs2,5,qualitative,TRUE
wesanderson,Zissou1Continuous,11,qualitative,TRUE
wesanderson,FrenchDispatch,5,qualitative,TRUE
wesanderson,AsteroidCity1,5,qualitative,TRUE
wesanderson,AsteroidCity2,6,qualitative,TRUE
wesanderson,AsteroidCity3,4,qualitative,TRUE
yarrr,basel,10,qualitative,TRUE
yarrr,pony,9,qualitative,TRUE
yarrr,xmen,8,qualitative,TRUE
yarrr,decision,6,qualitative,TRUE
yarrr,southpark,6,qualitative,TRUE
yarrr,google,4,qualitative,TRUE
yarrr,eternal,7,qualitative,TRUE
yarrr,evildead,6,qualitative,TRUE
yarrr,usualsuspects,7,qualitative,TRUE
yarrr,ohbrother,7,qualitative,TRUE
yarrr,appletv,6,qualitative,TRUE
yarrr,brave,5,qualitative,TRUE
yarrr,bugs,5,qualitative,TRUE
yarrr,cars,5,qualitative,TRUE
yarrr,nemo,5,qualitative,TRUE
yarrr,rat,5,qualitative,TRUE
yarrr,up,5,qualitative,TRUE
yarrr,espresso,5,qualitative,TRUE
yarrr,ipod,7,qualitative,TRUE
yarrr,info,9,qualitative,TRUE
yarrr,info2,14,qualitative,TRUE
